time_seconds,ecg_lead_II_mV
0.0,0.35
0.002777777777777778,0.35
0.005555555555555556,0.35
0.008333333333333333,0.35
0.011111111111111112,0.35
0.013888888888888888,0.35
0.016666666666666666,0.35
0.019444444444444445,0.35
0.022222222222222223,0.35
0.025,0.02
0.027777777777777776,-0.21
0.030555555555555555,-0.33
0.03333333333333333,-0.37
0.03611111111111111,-0.335
0.03888888888888889,-0.285
0.041666666666666664,-0.23
0.044444444444444446,-0.215
0.04722222222222222,-0.2
0.05,-0.19
0.05277777777777778,-0.2
0.05555555555555555,-0.2
0.058333333333333334,-0.21
0.06111111111111111,-0.23
0.06388888888888888,-0.25
0.06666666666666667,-0.255
0.06944444444444445,-0.245
0.07222222222222222,-0.24
0.075,-0.215
0.07777777777777778,-0.235
0.08055555555555556,-0.23
0.08333333333333333,-0.23
0.08611111111111111,-0.205
0.08888888888888889,-0.18
0.09166666666666666,-0.165
0.09444444444444444,-0.195
0.09722222222222222,-0.21
0.1,-0.215
0.10277777777777777,-0.195
0.10555555555555556,-0.17
0.10833333333333334,-0.155
0.1111111111111111,-0.175
0.11388888888888889,-0.195
0.11666666666666667,-0.21
0.11944444444444445,-0.2
0.12222222222222222,-0.2
0.125,-0.195
0.12777777777777777,-0.185
0.13055555555555556,-0.185
0.13333333333333333,-0.18
0.1361111111111111,-0.175
0.1388888888888889,-0.175
0.14166666666666666,-0.165
0.14444444444444443,-0.14
0.14722222222222223,-0.12
0.15,-0.115
0.1527777777777778,-0.13
0.15555555555555556,-0.155
0.15833333333333333,-0.19
0.16111111111111112,-0.19
0.1638888888888889,-0.185
0.16666666666666666,-0.18
0.16944444444444445,-0.16
0.17222222222222222,-0.14
0.175,-0.13
0.17777777777777778,-0.11
0.18055555555555555,-0.12
0.18333333333333332,-0.13
0.18611111111111112,-0.13
0.18888888888888888,-0.125
0.19166666666666668,-0.095
0.19444444444444445,-0.095
0.19722222222222222,-0.09
0.2,-0.08
0.20277777777777778,-0.075
0.20555555555555555,-0.07
0.20833333333333334,-0.075
0.2111111111111111,-0.065
0.21388888888888888,-0.055
0.21666666666666667,-0.06
0.21944444444444444,-0.055
0.2222222222222222,-0.04
0.225,-0.03
0.22777777777777777,-0.02
0.23055555555555557,-0.015
0.23333333333333334,-0.015
0.2361111111111111,-0.01
0.2388888888888889,0.015
0.24166666666666667,0.035
0.24444444444444444,0.025
0.24722222222222223,0.015
0.25,0.015
0.25277777777777777,0.025
0.25555555555555554,0.025
0.25833333333333336,0.04
0.2611111111111111,0.04
0.2638888888888889,0.03
0.26666666666666666,0.015
0.26944444444444443,0.02
0.2722222222222222,0.035
0.275,0.045
0.2777777777777778,0.05
0.28055555555555556,0.025
0.2833333333333333,0.02
0.2861111111111111,0.02
0.28888888888888886,0.01
0.2916666666666667,0.01
0.29444444444444445,0.0
0.2972222222222222,-0.005
0.3,-0.025
0.30277777777777776,-0.02
0.3055555555555556,-0.03
0.30833333333333335,-0.03
0.3111111111111111,-0.035
0.3138888888888889,-0.045
0.31666666666666665,-0.055
0.3194444444444444,-0.06
0.32222222222222224,-0.065
0.325,-0.075
0.3277777777777778,-0.08
0.33055555555555555,-0.075
0.3333333333333333,-0.075
0.33611111111111114,-0.075
0.3388888888888889,-0.07
0.3416666666666667,-0.075
0.34444444444444444,-0.08
0.3472222222222222,-0.09
0.35,-0.1
0.3527777777777778,-0.095
0.35555555555555557,-0.095
0.35833333333333334,-0.085
0.3611111111111111,-0.095
0.3638888888888889,-0.1
0.36666666666666664,-0.1
0.36944444444444446,-0.115
0.37222222222222223,-0.115
0.375,-0.13
0.37777777777777777,-0.14
0.38055555555555554,-0.15
0.38333333333333336,-0.16
0.3861111111111111,-0.145
0.3888888888888889,-0.155
0.39166666666666666,-0.16
0.39444444444444443,-0.17
0.3972222222222222,-0.185
0.4,-0.175
0.4027777777777778,-0.17
0.40555555555555556,-0.165
0.4083333333333333,-0.17
0.4111111111111111,-0.17
0.41388888888888886,-0.165
0.4166666666666667,-0.18
0.41944444444444445,-0.18
0.4222222222222222,-0.2
0.425,-0.2
0.42777777777777776,-0.215
0.4305555555555556,-0.205
0.43333333333333335,-0.21
0.4361111111111111,-0.205
0.4388888888888889,-0.21
0.44166666666666665,-0.22
0.4444444444444444,-0.225
0.44722222222222224,-0.225
0.45,-0.24
0.4527777777777778,-0.225
0.45555555555555555,-0.21
0.4583333333333333,-0.205
0.46111111111111114,-0.195
0.4638888888888889,-0.19
0.4666666666666667,-0.2
0.46944444444444444,-0.19
0.4722222222222222,-0.19
0.475,-0.185
0.4777777777777778,-0.17
0.48055555555555557,-0.17
0.48333333333333334,-0.175
0.4861111111111111,-0.165
0.4888888888888889,-0.165
0.49166666666666664,-0.185
0.49444444444444446,-0.185
0.49722222222222223,-0.205
0.5,-0.205
0.5027777777777778,-0.21
0.5055555555555555,-0.195
0.5083333333333333,-0.195
0.5111111111111111,-0.19
0.5138888888888888,-0.195
0.5166666666666667,-0.195
0.5194444444444445,-0.195
0.5222222222222223,-0.185
0.525,-0.175
0.5277777777777778,-0.175
0.5305555555555556,-0.2
0.5333333333333333,-0.225
0.5361111111111111,-0.25
0.5388888888888889,-0.24
0.5416666666666666,-0.24
0.5444444444444444,-0.24
0.5472222222222223,-0.25
0.55,-0.26
0.5527777777777778,-0.27
0.5555555555555556,-0.28
0.5583333333333333,-0.305
0.5611111111111111,-0.335
0.5638888888888889,-0.35
0.5666666666666667,-0.34
0.5694444444444444,-0.285
0.5722222222222222,-0.205
0.575,-0.135
0.5777777777777777,-0.095
0.5805555555555556,-0.045
0.5833333333333334,0.01
0.5861111111111111,0.075
0.5888888888888889,0.14
0.5916666666666667,0.175
0.5944444444444444,0.135
0.5972222222222222,0.045
0.6,-0.155
0.6027777777777777,-0.425
0.6055555555555555,-0.71
0.6083333333333333,-0.915
0.6111111111111112,-1.09
0.6138888888888889,-1.255
0.6166666666666667,-1.395
0.6194444444444445,-1.465
0.6222222222222222,-1.505
0.625,-1.49
0.6277777777777778,-1.45
0.6305555555555555,-1.39
0.6333333333333333,-1.34
0.6361111111111111,-1.27
0.6388888888888888,-1.155
0.6416666666666667,-1.025
0.6444444444444445,-0.95
0.6472222222222223,-0.93
0.65,-0.93
0.6527777777777778,-0.91
0.6555555555555556,-0.885
0.6583333333333333,-0.865
0.6611111111111111,-0.84
0.6638888888888889,-0.8
0.6666666666666666,-0.755
0.6694444444444444,-0.715
0.6722222222222223,-0.66
0.675,-0.63
0.6777777777777778,-0.58
0.6805555555555556,-0.54
0.6833333333333333,-0.51
0.6861111111111111,-0.465
0.6888888888888889,-0.435
0.6916666666666667,-0.395
0.6944444444444444,-0.365
0.6972222222222222,-0.315
0.7,-0.265
0.7027777777777777,-0.2
0.7055555555555556,-0.155
0.7083333333333334,-0.09
0.7111111111111111,-0.04
0.7138888888888889,-0.015
0.7166666666666667,-0.01
0.7194444444444444,0.005
0.7222222222222222,0.03
0.725,0.055
0.7277777777777777,0.08
0.7305555555555555,0.085
0.7333333333333333,0.09
0.7361111111111112,0.11
0.7388888888888889,0.11
0.7416666666666667,0.13
0.7444444444444445,0.15
0.7472222222222222,0.155
0.75,0.15
0.7527777777777778,0.18
0.7555555555555555,0.185
0.7583333333333333,0.205
0.7611111111111111,0.22
0.7638888888888888,0.235
0.7666666666666667,0.235
0.7694444444444445,0.255
0.7722222222222223,0.27
0.775,0.29
0.7777777777777778,0.29
0.7805555555555556,0.3
0.7833333333333333,0.3
0.7861111111111111,0.305
0.7888888888888889,0.325
0.7916666666666666,0.315
0.7944444444444444,0.31
0.7972222222222223,0.315
0.8,0.315
0.8027777777777778,0.345
0.8055555555555556,0.36
0.8083333333333333,0.37
0.8111111111111111,0.375
0.8138888888888889,0.375
0.8166666666666667,0.365
0.8194444444444444,0.375
0.8222222222222222,0.385
0.825,0.41
0.8277777777777777,0.405
0.8305555555555556,0.4
0.8333333333333334,0.4
0.8361111111111111,0.405
0.8388888888888889,0.4
0.8416666666666667,0.41
0.8444444444444444,0.395
0.8472222222222222,0.4
0.85,0.385
0.8527777777777777,0.39
0.8555555555555555,0.395
0.8583333333333333,0.385
0.8611111111111112,0.38
0.8638888888888889,0.355
0.8666666666666667,0.355
0.8694444444444445,0.355
0.8722222222222222,0.35
0.875,0.325
0.8777777777777778,0.3
0.8805555555555555,0.28
0.8833333333333333,0.25
0.8861111111111111,0.25
0.8888888888888888,0.25
0.8916666666666667,0.25
0.8944444444444445,0.235
0.8972222222222223,0.21
0.9,0.175
0.9027777777777778,0.165
0.9055555555555556,0.16
0.9083333333333333,0.145
0.9111111111111111,0.14
0.9138888888888889,0.145
0.9166666666666666,0.13
0.9194444444444444,0.1
0.9222222222222223,0.08
0.925,0.04
0.9277777777777778,0.015
0.9305555555555556,-0.01
0.9333333333333333,-0.025
0.9361111111111111,-0.025
0.9388888888888889,-0.03
0.9416666666666667,-0.04
0.9444444444444444,-0.045
0.9472222222222222,-0.07
0.95,-0.105
0.9527777777777777,-0.08
0.9555555555555556,-0.075
0.9583333333333334,-0.085
0.9611111111111111,-0.09
0.9638888888888889,-0.11
0.9666666666666667,-0.13
0.9694444444444444,-0.12
0.9722222222222222,-0.115
0.975,-0.125
0.9777777777777777,-0.15
0.9805555555555555,-0.17
0.9833333333333333,-0.16
0.9861111111111112,-0.16
0.9888888888888889,-0.15
0.9916666666666667,-0.155
0.9944444444444445,-0.16
0.9972222222222222,-0.17
1.0,-0.185
1.0027777777777778,-0.18
1.0055555555555555,-0.18
1.0083333333333333,-0.19
1.011111111111111,-0.18
1.0138888888888888,-0.17
1.0166666666666666,-0.16
1.0194444444444444,-0.14
1.0222222222222221,-0.14
1.025,-0.145
1.0277777777777777,-0.17
1.0305555555555554,-0.18
1.0333333333333334,-0.175
1.0361111111111112,-0.16
1.038888888888889,-0.155
1.0416666666666667,-0.155
1.0444444444444445,-0.165
1.0472222222222223,-0.15
1.05,-0.155
1.0527777777777778,-0.15
1.0555555555555556,-0.145
1.0583333333333333,-0.145
1.0611111111111111,-0.165
1.0638888888888889,-0.195
1.0666666666666667,-0.205
1.0694444444444444,-0.19
1.0722222222222222,-0.18
1.075,-0.165
1.0777777777777777,-0.17
1.0805555555555555,-0.16
1.0833333333333333,-0.17
1.086111111111111,-0.165
1.0888888888888888,-0.17
1.0916666666666666,-0.17
1.0944444444444446,-0.17
1.0972222222222223,-0.17
1.1,-0.185
1.1027777777777779,-0.19
1.1055555555555556,-0.18
1.1083333333333334,-0.18
1.1111111111111112,-0.18
1.113888888888889,-0.175
1.1166666666666667,-0.2
1.1194444444444445,-0.21
1.1222222222222222,-0.2
1.125,-0.2
1.1277777777777778,-0.21
1.1305555555555555,-0.215
1.1333333333333333,-0.21
1.136111111111111,-0.2
1.1388888888888888,-0.175
1.1416666666666666,-0.16
1.1444444444444444,-0.145
1.1472222222222221,-0.145
1.15,-0.135
1.1527777777777777,-0.14
1.1555555555555554,-0.135
1.1583333333333334,-0.13
1.1611111111111112,-0.12
1.163888888888889,-0.115
1.1666666666666667,-0.11
1.1694444444444445,-0.105
1.1722222222222223,-0.1
1.175,-0.095
1.1777777777777778,-0.11
1.1805555555555556,-0.14
1.1833333333333333,-0.175
1.1861111111111111,-0.18
1.1888888888888889,-0.18
1.1916666666666667,-0.18
1.1944444444444444,-0.165
1.1972222222222222,-0.175
1.2,-0.175
1.2027777777777777,-0.175
1.2055555555555555,-0.165
1.2083333333333333,-0.165
1.211111111111111,-0.165
1.2138888888888888,-0.175
1.2166666666666666,-0.165
1.2194444444444446,-0.16
1.2222222222222223,-0.155
1.225,-0.15
1.2277777777777779,-0.155
1.2305555555555556,-0.16
1.2333333333333334,-0.16
1.2361111111111112,-0.155
1.238888888888889,-0.145
1.2416666666666667,-0.15
1.2444444444444445,-0.15
1.2472222222222222,-0.185
1.25,-0.2
1.2527777777777778,-0.2
1.2555555555555555,-0.195
1.2583333333333333,-0.19
1.261111111111111,-0.19
1.2638888888888888,-0.195
1.2666666666666666,-0.2
1.2694444444444444,-0.195
1.2722222222222221,-0.185
1.275,-0.175
1.2777777777777777,-0.175
1.2805555555555554,-0.155
1.2833333333333334,-0.17
1.2861111111111112,-0.17
1.288888888888889,-0.165
1.2916666666666667,-0.15
1.2944444444444445,-0.16
1.2972222222222223,-0.165
1.3,-0.175
1.3027777777777778,-0.17
1.3055555555555556,-0.17
1.3083333333333333,-0.185
1.3111111111111111,-0.215
1.3138888888888889,-0.225
1.3166666666666667,-0.19
1.3194444444444444,-0.125
1.3222222222222222,-0.04
1.325,0.05
1.3277777777777777,0.125
1.3305555555555555,0.215
1.3333333333333333,0.32
1.336111111111111,0.415
1.3388888888888888,0.5
1.3416666666666666,0.605
1.3444444444444446,0.725
1.3472222222222223,0.845
1.35,0.94
1.3527777777777779,1.06
1.3555555555555556,1.11
1.3583333333333334,1.1
1.3611111111111112,1.005
1.363888888888889,0.86
1.3666666666666667,0.615
1.3694444444444445,0.24
1.3722222222222222,-0.11
1.375,-0.335
1.3777777777777778,-0.46
1.3805555555555555,-0.515
1.3833333333333333,-0.54
1.386111111111111,-0.51
1.3888888888888888,-0.44
1.3916666666666666,-0.385
1.3944444444444444,-0.36
1.3972222222222221,-0.35
1.4,-0.335
1.4027777777777777,-0.32
1.4055555555555554,-0.295
1.4083333333333334,-0.3
1.4111111111111112,-0.3
1.413888888888889,-0.325
1.4166666666666667,-0.335
1.4194444444444445,-0.335
1.4222222222222223,-0.335
1.425,-0.325
1.4277777777777778,-0.31
1.4305555555555556,-0.3
1.4333333333333333,-0.28
1.4361111111111111,-0.26
1.4388888888888889,-0.24
1.4416666666666667,-0.245
1.4444444444444444,-0.26
1.4472222222222222,-0.27
1.45,-0.28
1.4527777777777777,-0.28
1.4555555555555555,-0.275
1.4583333333333333,-0.27
1.461111111111111,-0.275
1.4638888888888888,-0.28
1.4666666666666666,-0.255
1.4694444444444446,-0.25
1.4722222222222223,-0.24
1.475,-0.235
1.4777777777777779,-0.235
1.4805555555555556,-0.235
1.4833333333333334,-0.24
1.4861111111111112,-0.235
1.488888888888889,-0.235
1.4916666666666667,-0.23
1.4944444444444445,-0.24
1.4972222222222222,-0.225
1.5,-0.23
1.5027777777777778,-0.225
1.5055555555555555,-0.21
1.5083333333333333,-0.195
1.511111111111111,-0.215
1.5138888888888888,-0.22
1.5166666666666666,-0.24
1.5194444444444444,-0.23
1.5222222222222221,-0.23
1.525,-0.215
1.5277777777777777,-0.21
1.5305555555555554,-0.21
1.5333333333333334,-0.22
1.5361111111111112,-0.205
1.538888888888889,-0.18
1.5416666666666667,-0.185
1.5444444444444445,-0.19
1.5472222222222223,-0.19
1.55,-0.195
1.5527777777777778,-0.16
1.5555555555555556,-0.14
1.5583333333333333,-0.13
1.5611111111111111,-0.125
1.5638888888888889,-0.13
1.5666666666666667,-0.14
1.5694444444444444,-0.13
1.5722222222222222,-0.12
1.575,-0.125
1.5777777777777777,-0.125
1.5805555555555555,-0.145
1.5833333333333333,-0.125
1.586111111111111,-0.12
1.5888888888888888,-0.125
1.5916666666666666,-0.115
1.5944444444444446,-0.12
1.5972222222222223,-0.14
1.6,-0.15
1.6027777777777779,-0.145
1.6055555555555556,-0.135
1.6083333333333334,-0.11
1.6111111111111112,-0.105
1.613888888888889,-0.1
1.6166666666666667,-0.085
1.6194444444444445,-0.095
1.6222222222222222,-0.08
1.625,-0.065
1.6277777777777778,-0.07
1.6305555555555555,-0.07
1.6333333333333333,-0.075
1.636111111111111,-0.07
1.6388888888888888,-0.06
1.6416666666666666,-0.055
1.6444444444444444,-0.05
1.6472222222222221,-0.075
1.65,-0.065
1.6527777777777777,-0.065
1.6555555555555554,-0.07
1.6583333333333334,-0.08
1.6611111111111112,-0.08
1.663888888888889,-0.08
1.6666666666666667,-0.08
1.6694444444444445,-0.08
1.6722222222222223,-0.08
1.675,-0.075
1.6777777777777778,-0.09
1.6805555555555556,-0.09
1.6833333333333333,-0.085
1.6861111111111111,-0.09
1.6888888888888889,-0.075
1.6916666666666667,-0.075
1.6944444444444444,-0.07
1.6972222222222222,-0.075
1.7,-0.09
1.7027777777777777,-0.075
1.7055555555555555,-0.065
1.7083333333333333,-0.07
1.711111111111111,-0.07
1.7138888888888888,-0.085
1.7166666666666666,-0.09
1.7194444444444446,-0.09
1.7222222222222223,-0.08
1.725,-0.1
1.7277777777777779,-0.105
1.7305555555555556,-0.115
1.7333333333333334,-0.12
1.7361111111111112,-0.115
1.738888888888889,-0.1
1.7416666666666667,-0.105
1.7444444444444445,-0.12
1.7472222222222222,-0.14
1.75,-0.14
1.7527777777777778,-0.115
1.7555555555555555,-0.07
1.7583333333333333,-0.075
1.761111111111111,-0.09
1.7638888888888888,-0.105
1.7666666666666666,-0.115
1.7694444444444444,-0.11
1.7722222222222221,-0.11
1.775,-0.13
1.7777777777777777,-0.135
1.7805555555555554,-0.15
1.7833333333333334,-0.13
1.7861111111111112,-0.125
1.788888888888889,-0.125
1.7916666666666667,-0.14
1.7944444444444445,-0.155
1.7972222222222223,-0.155
1.8,-0.155
1.8027777777777778,-0.155
1.8055555555555556,-0.145
1.8083333333333333,-0.13
1.8111111111111111,-0.13
1.8138888888888889,-0.13
1.8166666666666667,-0.12
1.8194444444444444,-0.11
1.8222222222222222,-0.09
1.825,-0.07
1.8277777777777777,-0.06
1.8305555555555555,-0.08
1.8333333333333333,-0.075
1.836111111111111,-0.05
1.8388888888888888,-0.015
1.8416666666666666,0.005
1.8444444444444446,0.02
1.8472222222222223,0.02
1.85,0.04
1.8527777777777779,0.06
1.8555555555555556,0.08
1.8583333333333334,0.105
1.8611111111111112,0.11
1.863888888888889,0.095
1.8666666666666667,0.12
1.8694444444444445,0.2
1.8722222222222222,0.265
1.875,0.265
1.8777777777777778,0.22
1.8805555555555555,0.2
1.8833333333333333,0.19
1.886111111111111,0.15
1.8888888888888888,0.035
1.8916666666666666,-0.225
1.8944444444444444,-0.625
1.8972222222222221,-1.09
1.9,-1.475
1.9027777777777777,-1.745
1.9055555555555554,-1.895
1.9083333333333334,-1.955
1.9111111111111112,-1.995
1.913888888888889,-2.01
1.9166666666666667,-2.0
1.9194444444444445,-1.965
1.9222222222222223,-1.905
1.925,-1.845
1.9277777777777778,-1.75
1.9305555555555556,-1.605
1.9333333333333333,-1.475
1.9361111111111111,-1.35
1.9388888888888889,-1.275
1.9416666666666667,-1.235
1.9444444444444444,-1.18
1.9472222222222222,-1.105
1.95,-1.035
1.9527777777777777,-0.94
1.9555555555555555,-0.83
1.9583333333333333,-0.77
1.961111111111111,-0.715
1.9638888888888888,-0.665
1.9666666666666666,-0.605
1.9694444444444446,-0.52
1.9722222222222223,-0.465
1.975,-0.42
1.9777777777777779,-0.4
1.9805555555555556,-0.39
1.9833333333333334,-0.375
1.9861111111111112,-0.34
1.988888888888889,-0.305
1.9916666666666667,-0.27
1.9944444444444445,-0.19
1.9972222222222222,-0.125
2.0,-0.06
2.0027777777777778,-0.005
2.0055555555555555,0.05
2.0083333333333333,0.11
2.011111111111111,0.15
2.013888888888889,0.185
2.0166666666666666,0.21
2.0194444444444444,0.23
2.022222222222222,0.26
2.025,0.285
2.0277777777777777,0.325
2.0305555555555554,0.33
2.033333333333333,0.325
2.036111111111111,0.35
2.0388888888888888,0.39
2.0416666666666665,0.43
2.0444444444444443,0.47
2.047222222222222,0.465
2.05,0.485
2.0527777777777776,0.505
2.0555555555555554,0.52
2.058333333333333,0.54
2.061111111111111,0.56
2.063888888888889,0.585
2.066666666666667,0.6
2.0694444444444446,0.62
2.0722222222222224,0.645
2.075,0.655
2.077777777777778,0.675
2.0805555555555557,0.68
2.0833333333333335,0.695
2.0861111111111112,0.715
2.088888888888889,0.755
2.091666666666667,0.785
2.0944444444444446,0.805
2.0972222222222223,0.795
2.1,0.805
2.102777777777778,0.82
2.1055555555555556,0.84
2.1083333333333334,0.865
2.111111111111111,0.855
2.113888888888889,0.85
2.1166666666666667,0.835
2.1194444444444445,0.83
2.1222222222222222,0.835
2.125,0.825
2.1277777777777778,0.8
2.1305555555555555,0.79
2.1333333333333333,0.77
2.136111111111111,0.78
2.138888888888889,0.77
2.1416666666666666,0.755
2.1444444444444444,0.715
2.147222222222222,0.68
2.15,0.665
2.1527777777777777,0.64
2.1555555555555554,0.615
2.158333333333333,0.605
2.161111111111111,0.585
2.1638888888888888,0.56
2.1666666666666665,0.53
2.1694444444444443,0.495
2.172222222222222,0.46
2.175,0.435
2.1777777777777776,0.4
2.1805555555555554,0.36
2.183333333333333,0.325
2.186111111111111,0.29
2.188888888888889,0.275
2.191666666666667,0.245
2.1944444444444446,0.205
2.1972222222222224,0.185
2.2,0.185
2.202777777777778,0.175
2.2055555555555557,0.165
2.2083333333333335,0.155
2.2111111111111112,0.14
2.213888888888889,0.13
2.216666666666667,0.11
2.2194444444444446,0.095
2.2222222222222223,0.075
2.225,0.055
2.227777777777778,0.035
2.2305555555555556,0.015
2.2333333333333334,-0.005
2.236111111111111,0.01
2.238888888888889,0.015
2.2416666666666667,0.0
2.2444444444444445,-0.02
2.2472222222222222,-0.04
2.25,-0.055
2.2527777777777778,-0.035
2.2555555555555555,-0.005
2.2583333333333333,0.005
2.261111111111111,-0.005
2.263888888888889,-0.025
2.2666666666666666,-0.02
2.2694444444444444,-0.01
2.272222222222222,-0.015
2.275,-0.02
2.2777777777777777,-0.03
2.2805555555555554,-0.045
2.283333333333333,-0.06
2.286111111111111,-0.065
2.2888888888888888,-0.06
2.2916666666666665,-0.05
2.2944444444444443,-0.06
2.297222222222222,-0.085
2.3,-0.09
2.3027777777777776,-0.11
2.3055555555555554,-0.105
2.308333333333333,-0.095
2.311111111111111,-0.085
2.313888888888889,-0.075
2.316666666666667,-0.08
2.3194444444444446,-0.095
2.3222222222222224,-0.095
2.325,-0.09
2.327777777777778,-0.095
2.3305555555555557,-0.115
2.3333333333333335,-0.115
2.3361111111111112,-0.12
2.338888888888889,-0.11
2.341666666666667,-0.095
2.3444444444444446,-0.105
2.3472222222222223,-0.11
2.35,-0.125
2.352777777777778,-0.115
2.3555555555555556,-0.09
2.3583333333333334,-0.095
2.361111111111111,-0.11
2.363888888888889,-0.125
2.3666666666666667,-0.135
2.3694444444444445,-0.13
2.3722222222222222,-0.125
2.375,-0.125
2.3777777777777778,-0.135
2.3805555555555555,-0.145
2.3833333333333333,-0.155
2.386111111111111,-0.145
2.388888888888889,-0.13
2.3916666666666666,-0.135
2.3944444444444444,-0.14
2.397222222222222,-0.155
2.4,-0.155
2.4027777777777777,-0.135
2.4055555555555554,-0.125
2.408333333333333,-0.13
2.411111111111111,-0.135
2.4138888888888888,-0.145
2.4166666666666665,-0.165
2.4194444444444443,-0.19
2.422222222222222,-0.175
2.425,-0.15
2.4277777777777776,-0.135
2.4305555555555554,-0.125
2.433333333333333,-0.145
2.436111111111111,-0.11
2.438888888888889,-0.09
2.441666666666667,-0.07
2.4444444444444446,-0.075
2.4472222222222224,-0.09
2.45,-0.135
2.452777777777778,-0.15
2.4555555555555557,-0.155
2.4583333333333335,-0.155
2.4611111111111112,-0.12
2.463888888888889,-0.1
2.466666666666667,-0.08
2.4694444444444446,-0.065
2.4722222222222223,-0.075
2.475,-0.095
2.477777777777778,-0.1
2.4805555555555556,-0.095
2.4833333333333334,-0.085
2.486111111111111,-0.08
2.488888888888889,-0.08
2.4916666666666667,-0.08
2.4944444444444445,-0.095
2.4972222222222222,-0.12
2.5,-0.125
2.5027777777777778,-0.125
2.5055555555555555,-0.125
2.5083333333333333,-0.13
2.511111111111111,-0.135
2.513888888888889,-0.13
2.5166666666666666,-0.13
2.5194444444444444,-0.12
2.522222222222222,-0.115
2.525,-0.105
2.5277777777777777,-0.12
2.5305555555555554,-0.145
2.533333333333333,-0.135
2.536111111111111,-0.11
2.5388888888888888,-0.11
2.5416666666666665,-0.11
2.5444444444444443,-0.125
2.547222222222222,-0.105
2.55,-0.1
2.5527777777777776,-0.08
2.5555555555555554,-0.05
2.558333333333333,-0.03
2.561111111111111,-0.07
2.563888888888889,-0.12
2.566666666666667,-0.185
2.5694444444444446,-0.215
2.5722222222222224,-0.22
2.575,-0.185
2.577777777777778,-0.16
2.5805555555555557,-0.16
2.5833333333333335,-0.145
2.5861111111111112,-0.15
2.588888888888889,-0.13
2.591666666666667,-0.14
2.5944444444444446,-0.15
2.5972222222222223,-0.17
2.6,-0.19
2.602777777777778,-0.185
2.6055555555555556,-0.17
2.6083333333333334,-0.175
2.611111111111111,-0.165
2.613888888888889,-0.16
2.6166666666666667,-0.18
2.6194444444444445,-0.175
2.6222222222222222,-0.185
2.625,-0.185
2.6277777777777778,-0.19
2.6305555555555555,-0.205
2.6333333333333333,-0.21
2.636111111111111,-0.215
2.638888888888889,-0.215
2.6416666666666666,-0.18
2.6444444444444444,-0.125
2.647222222222222,-0.075
2.65,0.0
2.6527777777777777,0.085
2.6555555555555554,0.19
2.658333333333333,0.29
2.661111111111111,0.36
2.6638888888888888,0.44
2.6666666666666665,0.535
2.6694444444444443,0.68
2.672222222222222,0.8
2.675,0.905
2.6777777777777776,0.995
2.6805555555555554,1.025
2.683333333333333,1.005
2.686111111111111,0.92
2.688888888888889,0.79
2.691666666666667,0.57
2.6944444444444446,0.225
2.6972222222222224,-0.12
2.7,-0.335
2.702777777777778,-0.43
2.7055555555555557,-0.505
2.7083333333333335,-0.52
2.7111111111111112,-0.495
2.713888888888889,-0.44
2.716666666666667,-0.4
2.7194444444444446,-0.365
2.7222222222222223,-0.37
2.725,-0.385
2.727777777777778,-0.36
2.7305555555555556,-0.37
2.7333333333333334,-0.38
2.736111111111111,-0.39
2.738888888888889,-0.415
2.7416666666666667,-0.405
2.7444444444444445,-0.405
2.7472222222222222,-0.405
2.75,-0.415
2.7527777777777778,-0.41
2.7555555555555555,-0.395
2.7583333333333333,-0.385
2.761111111111111,-0.385
2.763888888888889,-0.385
2.7666666666666666,-0.365
2.7694444444444444,-0.355
2.772222222222222,-0.345
2.775,-0.335
2.7777777777777777,-0.355
2.7805555555555554,-0.39
2.783333333333333,-0.4
2.786111111111111,-0.39
2.7888888888888888,-0.36
2.7916666666666665,-0.33
2.7944444444444443,-0.34
2.797222222222222,-0.38
2.8,-0.395
2.8027777777777776,-0.405
2.8055555555555554,-0.39
2.808333333333333,-0.395
2.811111111111111,-0.39
2.813888888888889,-0.4
2.816666666666667,-0.4
2.8194444444444446,-0.395
2.8222222222222224,-0.39
2.825,-0.385
2.827777777777778,-0.39
2.8305555555555557,-0.385
2.8333333333333335,-0.385
2.8361111111111112,-0.38
2.838888888888889,-0.37
2.841666666666667,-0.34
2.8444444444444446,-0.335
2.8472222222222223,-0.335
2.85,-0.33
2.852777777777778,-0.325
2.8555555555555556,-0.35
2.8583333333333334,-0.365
2.861111111111111,-0.355
2.863888888888889,-0.345
2.8666666666666667,-0.34
2.8694444444444445,-0.34
2.8722222222222222,-0.36
2.875,-0.35
2.8777777777777778,-0.345
2.8805555555555555,-0.35
2.8833333333333333,-0.355
2.886111111111111,-0.345
2.888888888888889,-0.34
2.8916666666666666,-0.335
2.8944444444444444,-0.345
2.897222222222222,-0.365
2.9,-0.35
2.9027777777777777,-0.35
2.9055555555555554,-0.335
2.908333333333333,-0.33
2.911111111111111,-0.31
2.9138888888888888,-0.29
2.9166666666666665,-0.285
2.9194444444444443,-0.265
2.922222222222222,-0.275
2.925,-0.28
2.9277777777777776,-0.3
2.9305555555555554,-0.305
2.933333333333333,-0.305
2.936111111111111,-0.295
2.938888888888889,-0.285
2.941666666666667,-0.305
2.9444444444444446,-0.32
2.9472222222222224,-0.32
2.95,-0.305
2.952777777777778,-0.275
2.9555555555555557,-0.265
2.9583333333333335,-0.275
2.9611111111111112,-0.285
2.963888888888889,-0.28
2.966666666666667,-0.27
2.9694444444444446,-0.26
2.9722222222222223,-0.25
2.975,-0.255
2.977777777777778,-0.255
2.9805555555555556,-0.265
2.9833333333333334,-0.265
2.986111111111111,-0.25
2.988888888888889,-0.26
2.9916666666666667,-0.245
2.9944444444444445,-0.26
2.9972222222222222,-0.285
3.0,-0.29
3.0027777777777778,-0.29
3.0055555555555555,-0.28
3.0083333333333333,-0.285
3.011111111111111,-0.285
3.013888888888889,-0.28
3.0166666666666666,-0.31
3.0194444444444444,-0.31
3.022222222222222,-0.3
3.025,-0.285
3.0277777777777777,-0.275
3.0305555555555554,-0.295
3.033333333333333,-0.305
3.036111111111111,-0.3
3.0388888888888888,-0.3
3.0416666666666665,-0.32
3.0444444444444443,-0.3
3.047222222222222,-0.305
3.05,-0.315
3.0527777777777776,-0.305
3.0555555555555554,-0.295
3.058333333333333,-0.295
3.061111111111111,-0.305
3.063888888888889,-0.335
3.066666666666667,-0.335
3.0694444444444446,-0.34
3.0722222222222224,-0.335
3.075,-0.335
3.077777777777778,-0.345
3.0805555555555557,-0.36
3.0833333333333335,-0.365
3.0861111111111112,-0.355
3.088888888888889,-0.335
3.091666666666667,-0.33
3.0944444444444446,-0.32
3.0972222222222223,-0.31
3.1,-0.295
3.102777777777778,-0.275
3.1055555555555556,-0.25
3.1083333333333334,-0.23
3.111111111111111,-0.21
3.113888888888889,-0.2
3.1166666666666667,-0.175
3.1194444444444445,-0.15
3.1222222222222222,-0.14
3.125,-0.145
3.1277777777777778,-0.155
3.1305555555555555,-0.155
3.1333333333333333,-0.13
3.136111111111111,-0.13
3.138888888888889,-0.115
3.1416666666666666,-0.105
3.1444444444444444,-0.06
3.147222222222222,-0.04
3.15,-0.045
3.1527777777777777,-0.085
3.1555555555555554,-0.16
3.158333333333333,-0.26
3.161111111111111,-0.43
3.1638888888888888,-0.69
3.1666666666666665,-1.06
3.1694444444444443,-1.425
3.172222222222222,-1.73
3.175,-1.93
3.1777777777777776,-2.035
3.1805555555555554,-2.065
3.183333333333333,-2.06
3.186111111111111,-2.08
3.188888888888889,-2.055
3.191666666666667,-1.995
3.1944444444444446,-1.9
3.1972222222222224,-1.805
3.2,-1.705
3.202777777777778,-1.635
3.2055555555555557,-1.54
3.2083333333333335,-1.44
3.2111111111111112,-1.325
3.213888888888889,-1.235
3.216666666666667,-1.145
3.2194444444444446,-1.065
3.2222222222222223,-0.995
3.225,-0.94
3.227777777777778,-0.915
3.2305555555555556,-0.87
3.2333333333333334,-0.83
3.236111111111111,-0.76
3.238888888888889,-0.69
3.2416666666666667,-0.655
3.2444444444444445,-0.625
3.2472222222222222,-0.61
3.25,-0.585
3.2527777777777778,-0.565
3.2555555555555555,-0.53
3.2583333333333333,-0.49
3.261111111111111,-0.47
3.263888888888889,-0.42
3.2666666666666666,-0.35
3.2694444444444444,-0.275
3.272222222222222,-0.205
3.275,-0.155
3.2777777777777777,-0.12
3.2805555555555554,-0.09
3.283333333333333,-0.03
3.286111111111111,0.02
3.2888888888888888,0.06
3.2916666666666665,0.08
3.2944444444444443,0.095
3.297222222222222,0.13
3.3,0.15
3.3027777777777776,0.17
3.3055555555555554,0.18
3.308333333333333,0.185
3.311111111111111,0.21
3.313888888888889,0.225
3.316666666666667,0.245
3.3194444444444446,0.27
3.3222222222222224,0.3
3.325,0.315
3.327777777777778,0.31
3.3305555555555557,0.315
3.3333333333333335,0.35
3.3361111111111112,0.37
3.338888888888889,0.365
3.341666666666667,0.37
3.3444444444444446,0.385
3.3472222222222223,0.4
3.35,0.425
3.352777777777778,0.47
3.3555555555555556,0.49
3.3583333333333334,0.505
3.361111111111111,0.505
3.363888888888889,0.53
3.3666666666666667,0.53
3.3694444444444445,0.535
3.3722222222222222,0.54
3.375,0.545
3.3777777777777778,0.545
3.3805555555555555,0.57
3.3833333333333333,0.58
3.386111111111111,0.57
3.388888888888889,0.575
3.3916666666666666,0.56
3.3944444444444444,0.55
3.397222222222222,0.545
3.4,0.555
3.4027777777777777,0.55
3.4055555555555554,0.56
3.408333333333333,0.55
3.411111111111111,0.53
3.4138888888888888,0.5
3.4166666666666665,0.48
3.4194444444444443,0.465
3.422222222222222,0.465
3.425,0.44
3.4277777777777776,0.405
3.4305555555555554,0.395
3.433333333333333,0.375
3.436111111111111,0.36
3.438888888888889,0.355
3.441666666666667,0.345
3.4444444444444446,0.29
3.4472222222222224,0.25
3.45,0.22
3.452777777777778,0.195
3.4555555555555557,0.175
3.4583333333333335,0.15
3.4611111111111112,0.12
3.463888888888889,0.095
3.466666666666667,0.065
3.4694444444444446,0.055
3.4722222222222223,0.035
3.475,0.02
3.477777777777778,-0.005
3.4805555555555556,-0.025
3.4833333333333334,-0.04
3.486111111111111,-0.065
3.488888888888889,-0.07
3.4916666666666667,-0.08
3.4944444444444445,-0.1
3.4972222222222222,-0.115
3.5,-0.135
3.5027777777777778,-0.13
3.5055555555555555,-0.14
3.5083333333333333,-0.155
3.511111111111111,-0.16
3.513888888888889,-0.17
3.5166666666666666,-0.17
3.5194444444444444,-0.175
3.522222222222222,-0.18
3.525,-0.205
3.5277777777777777,-0.21
3.5305555555555554,-0.225
3.533333333333333,-0.215
3.536111111111111,-0.2
3.5388888888888888,-0.185
3.5416666666666665,-0.2
3.5444444444444443,-0.22
3.547222222222222,-0.23
3.55,-0.23
3.5527777777777776,-0.21
3.5555555555555554,-0.195
3.558333333333333,-0.205
3.561111111111111,-0.215
3.563888888888889,-0.225
3.566666666666667,-0.21
3.5694444444444446,-0.2
3.5722222222222224,-0.195
3.575,-0.2
3.577777777777778,-0.22
3.5805555555555557,-0.23
3.5833333333333335,-0.235
3.5861111111111112,-0.23
3.588888888888889,-0.23
3.591666666666667,-0.225
3.5944444444444446,-0.24
3.5972222222222223,-0.255
3.6,-0.25
3.602777777777778,-0.23
3.6055555555555556,-0.225
3.6083333333333334,-0.24
3.611111111111111,-0.24
3.613888888888889,-0.26
3.6166666666666667,-0.25
3.6194444444444445,-0.245
3.6222222222222222,-0.23
3.625,-0.215
3.6277777777777778,-0.22
3.6305555555555555,-0.225
3.6333333333333333,-0.225
3.636111111111111,-0.23
3.638888888888889,-0.215
3.6416666666666666,-0.215
3.6444444444444444,-0.245
3.647222222222222,-0.25
3.65,-0.245
3.6527777777777777,-0.24
3.6555555555555554,-0.24
3.658333333333333,-0.23
3.661111111111111,-0.23
3.6638888888888888,-0.245
3.6666666666666665,-0.24
3.6694444444444443,-0.245
3.672222222222222,-0.24
3.675,-0.245
3.6777777777777776,-0.245
3.6805555555555554,-0.25
3.683333333333333,-0.25
3.686111111111111,-0.225
3.688888888888889,-0.24
3.691666666666667,-0.24
3.6944444444444446,-0.235
3.6972222222222224,-0.24
3.7,-0.24
3.702777777777778,-0.24
3.7055555555555557,-0.24
3.7083333333333335,-0.255
3.7111111111111112,-0.255
3.713888888888889,-0.26
3.716666666666667,-0.225
3.7194444444444446,-0.225
3.7222222222222223,-0.22
3.725,-0.215
3.727777777777778,-0.225
3.7305555555555556,-0.235
3.7333333333333334,-0.25
3.736111111111111,-0.245
3.738888888888889,-0.245
3.7416666666666667,-0.25
3.7444444444444445,-0.255
3.7472222222222222,-0.24
3.75,-0.215
3.7527777777777778,-0.21
3.7555555555555555,-0.215
3.7583333333333333,-0.225
3.761111111111111,-0.23
3.763888888888889,-0.23
3.7666666666666666,-0.225
3.7694444444444444,-0.225
3.772222222222222,-0.23
3.775,-0.225
3.7777777777777777,-0.22
3.7805555555555554,-0.22
3.783333333333333,-0.21
3.786111111111111,-0.19
3.7888888888888888,-0.175
3.7916666666666665,-0.165
3.7944444444444443,-0.17
3.797222222222222,-0.175
3.8,-0.17
3.8027777777777776,-0.155
3.8055555555555554,-0.145
3.808333333333333,-0.14
3.811111111111111,-0.135
3.813888888888889,-0.135
3.816666666666667,-0.135
3.8194444444444446,-0.14
3.8222222222222224,-0.145
3.825,-0.155
3.827777777777778,-0.16
3.8305555555555557,-0.18
3.8333333333333335,-0.185
3.8361111111111112,-0.185
3.838888888888889,-0.18
3.841666666666667,-0.195
3.8444444444444446,-0.205
3.8472222222222223,-0.215
3.85,-0.22
3.852777777777778,-0.22
3.8555555555555556,-0.225
3.8583333333333334,-0.22
3.861111111111111,-0.215
3.863888888888889,-0.21
3.8666666666666667,-0.21
3.8694444444444445,-0.205
3.8722222222222222,-0.195
3.875,-0.2
3.8777777777777778,-0.2
3.8805555555555555,-0.2
3.8833333333333333,-0.185
3.886111111111111,-0.185
3.888888888888889,-0.19
3.8916666666666666,-0.185
3.8944444444444444,-0.19
3.897222222222222,-0.2
3.9,-0.21
3.9027777777777777,-0.215
3.9055555555555554,-0.225
3.908333333333333,-0.25
3.911111111111111,-0.245
3.9138888888888888,-0.23
3.9166666666666665,-0.235
3.9194444444444443,-0.235
3.922222222222222,-0.22
3.925,-0.215
3.9277777777777776,-0.21
3.9305555555555554,-0.205
3.933333333333333,-0.195
3.936111111111111,-0.2
3.938888888888889,-0.215
3.941666666666667,-0.235
3.9444444444444446,-0.235
3.9472222222222224,-0.225
3.95,-0.17
3.952777777777778,-0.085
3.9555555555555557,0.015
3.9583333333333335,0.115
3.9611111111111112,0.205
3.963888888888889,0.295
3.966666666666667,0.405
3.9694444444444446,0.535
3.9722222222222223,0.685
3.975,0.825
3.977777777777778,0.95
3.9805555555555556,1.05
3.9833333333333334,1.115
3.986111111111111,1.11
3.988888888888889,0.995
3.9916666666666667,0.755
3.9944444444444445,0.325
3.9972222222222222,-0.135
4.0,-0.42
4.002777777777778,-0.54
4.0055555555555555,-0.545
4.008333333333334,-0.52
4.011111111111111,-0.46
4.013888888888889,-0.41
4.016666666666667,-0.37
4.019444444444445,-0.365
4.022222222222222,-0.34
4.025,-0.35
4.027777777777778,-0.35
4.030555555555556,-0.375
4.033333333333333,-0.38
4.036111111111111,-0.38
4.038888888888889,-0.355
4.041666666666667,-0.33
4.044444444444444,-0.34
4.0472222222222225,-0.345
4.05,-0.325
4.052777777777778,-0.3
4.055555555555555,-0.275
4.058333333333334,-0.28
4.061111111111111,-0.29
4.063888888888889,-0.31
4.066666666666666,-0.31
4.069444444444445,-0.3
4.072222222222222,-0.295
4.075,-0.3
4.0777777777777775,-0.315
4.080555555555556,-0.34
4.083333333333333,-0.335
4.086111111111111,-0.305
4.088888888888889,-0.285
4.091666666666667,-0.28
4.094444444444444,-0.295
4.097222222222222,-0.3
4.1,-0.295
4.102777777777778,-0.285
4.105555555555555,-0.275
4.108333333333333,-0.285
4.111111111111111,-0.28
4.113888888888889,-0.285
4.116666666666666,-0.27
4.1194444444444445,-0.265
4.122222222222222,-0.27
4.125,-0.27
4.127777777777778,-0.27
4.1305555555555555,-0.26
4.133333333333334,-0.24
4.136111111111111,-0.255
4.138888888888889,-0.255
4.141666666666667,-0.255
4.144444444444445,-0.255
4.147222222222222,-0.265
4.15,-0.26
4.152777777777778,-0.25
4.155555555555556,-0.255
4.158333333333333,-0.255
4.161111111111111,-0.26
4.163888888888889,-0.27
4.166666666666667,-0.255
4.169444444444444,-0.26
4.1722222222222225,-0.275
4.175,-0.26
4.177777777777778,-0.25
4.180555555555555,-0.235
4.183333333333334,-0.225
4.186111111111111,-0.225
4.188888888888889,-0.23
4.191666666666666,-0.22
4.194444444444445,-0.215
4.197222222222222,-0.205
4.2,-0.195
4.2027777777777775,-0.2
4.205555555555556,-0.205
4.208333333333333,-0.22
4.211111111111111,-0.21
4.213888888888889,-0.22
4.216666666666667,-0.21
4.219444444444444,-0.205
4.222222222222222,-0.185
4.225,-0.195
4.227777777777778,-0.195
4.230555555555555,-0.195
4.233333333333333,-0.175
4.236111111111111,-0.15
4.238888888888889,-0.14
4.241666666666666,-0.145
4.2444444444444445,-0.16
4.247222222222222,-0.16
4.25,-0.145
4.252777777777778,-0.135
4.2555555555555555,-0.125
4.258333333333334,-0.125
4.261111111111111,-0.14
4.263888888888889,-0.13
4.266666666666667,-0.11
4.269444444444445,-0.105
4.272222222222222,-0.11
4.275,-0.13
4.277777777777778,-0.135
4.280555555555556,-0.14
4.283333333333333,-0.14
4.286111111111111,-0.14
4.288888888888889,-0.125
4.291666666666667,-0.125
4.294444444444444,-0.11
4.2972222222222225,-0.105
4.3,-0.125
4.302777777777778,-0.12
4.305555555555555,-0.11
4.308333333333334,-0.11
4.311111111111111,-0.13
4.313888888888889,-0.145
4.316666666666666,-0.145
4.319444444444445,-0.14
4.322222222222222,-0.14
4.325,-0.135
4.3277777777777775,-0.16
4.330555555555556,-0.165
4.333333333333333,-0.165
4.336111111111111,-0.155
4.338888888888889,-0.145
4.341666666666667,-0.155
4.344444444444444,-0.17
4.347222222222222,-0.175
4.35,-0.16
4.352777777777778,-0.155
4.355555555555555,-0.15
4.358333333333333,-0.165
4.361111111111111,-0.185
4.363888888888889,-0.19
4.366666666666666,-0.18
4.3694444444444445,-0.16
4.372222222222222,-0.16
4.375,-0.16
4.377777777777778,-0.17
4.3805555555555555,-0.19
4.383333333333334,-0.175
4.386111111111111,-0.18
4.388888888888889,-0.18
4.391666666666667,-0.165
4.394444444444445,-0.155
4.397222222222222,-0.145
4.4,-0.11
4.402777777777778,-0.07
4.405555555555556,-0.05
4.408333333333333,-0.025
4.411111111111111,-0.005
4.413888888888889,0.0
4.416666666666667,0.03
4.419444444444444,0.06
4.4222222222222225,0.075
4.425,0.085
4.427777777777778,0.075
4.430555555555555,0.09
4.433333333333334,0.135
4.436111111111111,0.155
4.438888888888889,0.145
4.441666666666666,0.09
4.444444444444445,-0.025
4.447222222222222,-0.24
4.45,-0.58
4.4527777777777775,-0.965
4.455555555555556,-1.34
4.458333333333333,-1.695
4.461111111111111,-1.98
4.463888888888889,-2.125
4.466666666666667,-2.135
4.469444444444444,-2.125
4.472222222222222,-2.09
4.475,-2.075
4.477777777777778,-2.015
4.480555555555555,-1.95
4.483333333333333,-1.85
4.486111111111111,-1.735
4.488888888888889,-1.645
4.491666666666666,-1.55
4.4944444444444445,-1.425
4.497222222222222,-1.29
4.5,-1.185
4.502777777777778,-1.105
4.5055555555555555,-1.035
4.508333333333334,-0.965
4.511111111111111,-0.9
4.513888888888889,-0.83
4.516666666666667,-0.765
4.519444444444445,-0.705
4.522222222222222,-0.66
4.525,-0.635
4.527777777777778,-0.575
4.530555555555556,-0.52
4.533333333333333,-0.46
4.536111111111111,-0.405
4.538888888888889,-0.35
4.541666666666667,-0.29
4.544444444444444,-0.215
4.5472222222222225,-0.16
4.55,-0.095
4.552777777777778,-0.025
4.555555555555555,0.02
4.558333333333334,0.075
4.561111111111111,0.12
4.563888888888889,0.135
4.566666666666666,0.18
4.569444444444445,0.2
4.572222222222222,0.22
4.575,0.25
4.5777777777777775,0.27
4.580555555555556,0.28
4.583333333333333,0.295
4.586111111111111,0.315
4.588888888888889,0.345
4.591666666666667,0.36
4.594444444444444,0.375
4.597222222222222,0.37
4.6,0.39
4.602777777777778,0.405
4.605555555555555,0.435
4.608333333333333,0.455
4.611111111111111,0.47
4.613888888888889,0.49
4.616666666666666,0.52
4.6194444444444445,0.545
4.622222222222222,0.555
4.625,0.585
4.627777777777778,0.6
4.6305555555555555,0.62
4.633333333333334,0.635
4.636111111111111,0.67
4.638888888888889,0.68
4.641666666666667,0.69
4.644444444444445,0.685
4.647222222222222,0.695
4.65,0.725
4.652777777777778,0.74
4.655555555555556,0.755
4.658333333333333,0.765
4.661111111111111,0.765
4.663888888888889,0.765
4.666666666666667,0.78
4.669444444444444,0.8
4.6722222222222225,0.815
4.675,0.79
4.677777777777778,0.79
4.680555555555555,0.765
4.683333333333334,0.765
4.686111111111111,0.78
4.688888888888889,0.78
4.691666666666666,0.78
4.694444444444445,0.745
4.697222222222222,0.715
4.7,0.71
4.7027777777777775,0.71
4.705555555555556,0.7
4.708333333333333,0.67
4.711111111111111,0.63
4.713888888888889,0.58
4.716666666666667,0.535
4.719444444444444,0.495
4.722222222222222,0.465
4.725,0.445
4.727777777777778,0.41
4.730555555555555,0.395
4.733333333333333,0.375
4.736111111111111,0.365
4.738888888888889,0.345
4.741666666666666,0.32
4.7444444444444445,0.28
4.747222222222222,0.245
4.75,0.215
4.752777777777778,0.195
4.7555555555555555,0.18
4.758333333333334,0.15
4.761111111111111,0.12
4.763888888888889,0.095
4.766666666666667,0.095
4.769444444444445,0.095
4.772222222222222,0.08
4.775,0.065
4.777777777777778,0.04
4.780555555555556,0.02
4.783333333333333,0.0
4.786111111111111,0.0
4.788888888888889,0.0
4.791666666666667,-0.02
4.794444444444444,-0.02
4.7972222222222225,-0.03
4.8,-0.035
4.802777777777778,-0.03
4.805555555555555,-0.03
4.808333333333334,-0.04
4.811111111111111,-0.07
4.813888888888889,-0.08
4.816666666666666,-0.065
4.819444444444445,-0.07
4.822222222222222,-0.055
4.825,-0.07
4.8277777777777775,-0.085
4.830555555555556,-0.09
4.833333333333333,-0.09
4.836111111111111,-0.06
4.838888888888889,-0.055
4.841666666666667,-0.065
4.844444444444444,-0.095
4.847222222222222,-0.105
4.85,-0.105
4.852777777777778,-0.09
4.855555555555555,-0.08
4.858333333333333,-0.075
4.861111111111111,-0.085
4.863888888888889,-0.1
4.866666666666666,-0.075
4.8694444444444445,-0.08
4.872222222222222,-0.08
4.875,-0.085
4.877777777777778,-0.11
4.8805555555555555,-0.12
4.883333333333334,-0.11
4.886111111111111,-0.095
4.888888888888889,-0.08
4.891666666666667,-0.09
4.894444444444445,-0.09
4.897222222222222,-0.105
4.9,-0.115
4.902777777777778,-0.1
4.905555555555556,-0.095
4.908333333333333,-0.11
4.911111111111111,-0.125
4.913888888888889,-0.145
4.916666666666667,-0.16
4.919444444444444,-0.155
4.9222222222222225,-0.15
4.925,-0.135
4.927777777777778,-0.125
4.930555555555555,-0.13
4.933333333333334,-0.11
4.936111111111111,-0.125
4.938888888888889,-0.12
4.941666666666666,-0.13
4.944444444444445,-0.145
4.947222222222222,-0.15
4.95,-0.145
4.9527777777777775,-0.14
4.955555555555556,-0.145
4.958333333333333,-0.15
4.961111111111111,-0.16
4.963888888888889,-0.17
4.966666666666667,-0.16
4.969444444444444,-0.155
4.972222222222222,-0.155
4.975,-0.155
4.977777777777778,-0.15
4.980555555555555,-0.16
4.983333333333333,-0.16
4.986111111111111,-0.16
4.988888888888889,-0.145
4.991666666666666,-0.15
4.9944444444444445,-0.155
4.997222222222222,-0.18
5.0,-0.175
5.002777777777778,-0.165
5.0055555555555555,-0.155
5.008333333333334,-0.145
5.011111111111111,-0.165
5.013888888888889,-0.18
5.016666666666667,-0.17
5.019444444444445,-0.16
5.022222222222222,-0.165
5.025,-0.165
5.027777777777778,-0.16
5.030555555555556,-0.155
5.033333333333333,-0.145
5.036111111111111,-0.135
5.038888888888889,-0.115
5.041666666666667,-0.105
5.044444444444444,-0.095
5.0472222222222225,-0.09
5.05,-0.085
5.052777777777778,-0.09
5.055555555555555,-0.095
5.058333333333334,-0.12
5.061111111111111,-0.15
5.063888888888889,-0.17
5.066666666666666,-0.165
5.069444444444445,-0.17
5.072222222222222,-0.17
5.075,-0.17
5.0777777777777775,-0.18
5.080555555555556,-0.18
5.083333333333333,-0.17
5.086111111111111,-0.175
5.088888888888889,-0.18
5.091666666666667,-0.185
5.094444444444444,-0.19
5.097222222222222,-0.2
5.1,-0.175
5.102777777777778,-0.175
5.105555555555555,-0.165
5.108333333333333,-0.14
5.111111111111111,-0.14
5.113888888888889,-0.155
5.116666666666666,-0.155
5.1194444444444445,-0.155
5.122222222222222,-0.16
5.125,-0.175
5.127777777777778,-0.19
5.1305555555555555,-0.205
5.133333333333334,-0.205
5.136111111111111,-0.2
5.138888888888889,-0.19
5.141666666666667,-0.2
5.144444444444445,-0.21
5.147222222222222,-0.22
5.15,-0.21
5.152777777777778,-0.21
5.155555555555556,-0.205
5.158333333333333,-0.205
5.161111111111111,-0.2
5.163888888888889,-0.2
5.166666666666667,-0.185
5.169444444444444,-0.185
5.1722222222222225,-0.185
5.175,-0.19
5.177777777777778,-0.205
5.180555555555555,-0.21
5.183333333333334,-0.215
5.186111111111111,-0.22
5.188888888888889,-0.25
5.191666666666666,-0.26
5.194444444444445,-0.235
5.197222222222222,-0.195
5.2,-0.135
5.2027777777777775,-0.03
5.205555555555556,0.095
5.208333333333333,0.195
5.211111111111111,0.285
5.213888888888889,0.36
5.216666666666667,0.46
5.219444444444444,0.58
5.222222222222222,0.695
5.225,0.81
5.227777777777778,0.895
5.230555555555555,0.945
5.233333333333333,0.94
5.236111111111111,0.845
5.238888888888889,0.725
5.241666666666666,0.545
5.2444444444444445,0.285
5.247222222222222,-0.025
5.25,-0.27
5.252777777777778,-0.405
5.2555555555555555,-0.47
5.258333333333334,-0.49
5.261111111111111,-0.465
5.263888888888889,-0.425
5.266666666666667,-0.385
5.269444444444445,-0.35
5.272222222222222,-0.34
5.275,-0.315
5.277777777777778,-0.315
5.280555555555556,-0.33
5.283333333333333,-0.35
5.286111111111111,-0.36
5.288888888888889,-0.375
5.291666666666667,-0.38
5.294444444444444,-0.38
5.2972222222222225,-0.38
5.3,-0.36
5.302777777777778,-0.345
5.305555555555555,-0.32
5.308333333333334,-0.31
5.311111111111111,-0.32
5.313888888888889,-0.335
5.316666666666666,-0.335
5.319444444444445,-0.33
5.322222222222222,-0.33
5.325,-0.325
5.3277777777777775,-0.345
5.330555555555556,-0.335
5.333333333333333,-0.335
5.336111111111111,-0.34
5.338888888888889,-0.32
5.341666666666667,-0.325
5.344444444444444,-0.325
5.347222222222222,-0.325
5.35,-0.31
5.352777777777778,-0.305
5.355555555555555,-0.31
5.358333333333333,-0.315
5.361111111111111,-0.315
5.363888888888889,-0.305
5.366666666666666,-0.3
5.3694444444444445,-0.295
5.372222222222222,-0.285
5.375,-0.295
5.377777777777778,-0.3
5.3805555555555555,-0.31
5.383333333333334,-0.3
5.386111111111111,-0.275
5.388888888888889,-0.275
5.391666666666667,-0.28
5.394444444444445,-0.28
5.397222222222222,-0.29
5.4,-0.295
5.402777777777778,-0.28
5.405555555555556,-0.29
5.408333333333333,-0.285
5.411111111111111,-0.295
5.413888888888889,-0.3
5.416666666666667,-0.285
5.419444444444444,-0.26
5.4222222222222225,-0.245
5.425,-0.225
5.427777777777778,-0.24
5.430555555555555,-0.265
5.433333333333334,-0.27
5.436111111111111,-0.26
5.438888888888889,-0.265
5.441666666666666,-0.235
5.444444444444445,-0.245
5.447222222222222,-0.25
5.45,-0.24
5.4527777777777775,-0.24
5.455555555555556,-0.225
5.458333333333333,-0.22
5.461111111111111,-0.235
5.463888888888889,-0.235
5.466666666666667,-0.225
5.469444444444444,-0.22
5.472222222222222,-0.235
5.475,-0.25
5.477777777777778,-0.24
5.480555555555555,-0.23
5.483333333333333,-0.185
5.486111111111111,-0.175
5.488888888888889,-0.16
5.491666666666666,-0.17
5.4944444444444445,-0.19
5.497222222222222,-0.205
5.5,-0.2
5.502777777777778,-0.215
5.5055555555555555,-0.21
5.508333333333334,-0.19
5.511111111111111,-0.2
5.513888888888889,-0.205
5.516666666666667,-0.18
5.519444444444445,-0.175
5.522222222222222,-0.175
5.525,-0.18
5.527777777777778,-0.19
5.530555555555556,-0.205
5.533333333333333,-0.19
5.536111111111111,-0.185
5.538888888888889,-0.16
5.541666666666667,-0.175
5.544444444444444,-0.2
5.5472222222222225,-0.22
5.55,-0.22
5.552777777777778,-0.2
5.555555555555555,-0.19
5.558333333333334,-0.17
5.561111111111111,-0.175
5.563888888888889,-0.185
5.566666666666666,-0.18
5.569444444444445,-0.18
5.572222222222222,-0.17
5.575,-0.17
5.5777777777777775,-0.17
5.580555555555556,-0.225
5.583333333333333,-0.205
5.586111111111111,-0.215
5.588888888888889,-0.225
5.591666666666667,-0.225
5.594444444444444,-0.22
5.597222222222222,-0.215
5.6,-0.195
5.602777777777778,-0.195
5.605555555555555,-0.195
5.608333333333333,-0.215
5.611111111111111,-0.235
5.613888888888889,-0.22
5.616666666666666,-0.21
5.6194444444444445,-0.18
5.622222222222222,-0.19
5.625,-0.18
5.627777777777778,-0.195
5.6305555555555555,-0.215
5.633333333333334,-0.21
5.636111111111111,-0.21
5.638888888888889,-0.21
5.641666666666667,-0.225
5.644444444444445,-0.24
5.647222222222222,-0.26
5.65,-0.25
5.652777777777778,-0.24
5.655555555555556,-0.23
5.658333333333333,-0.22
5.661111111111111,-0.25
5.663888888888889,-0.27
5.666666666666667,-0.265
5.669444444444444,-0.275
5.6722222222222225,-0.26
5.675,-0.255
5.677777777777778,-0.25
5.680555555555555,-0.25
5.683333333333334,-0.235
5.686111111111111,-0.22
5.688888888888889,-0.21
5.691666666666666,-0.21
5.694444444444445,-0.205
5.697222222222222,-0.21
5.7,-0.19
5.7027777777777775,-0.175
5.705555555555556,-0.155
5.708333333333333,-0.08
5.711111111111111,0.015
5.713888888888889,0.085
5.716666666666667,0.12
5.719444444444444,0.115
5.722222222222222,0.1
5.725,0.09
5.727777777777778,0.02
5.730555555555555,-0.11
5.733333333333333,-0.395
5.736111111111111,-0.79
5.738888888888889,-1.175
5.741666666666666,-1.45
5.7444444444444445,-1.645
5.747222222222222,-1.77
5.75,-1.845
5.752777777777778,-1.905
5.7555555555555555,-1.915
5.758333333333334,-1.89
5.761111111111111,-1.875
5.763888888888889,-1.86
5.766666666666667,-1.775
5.769444444444445,-1.61
5.772222222222222,-1.445
5.775,-1.305
5.777777777777778,-1.21
5.780555555555556,-1.15
5.783333333333333,-1.05
5.786111111111111,-0.96
5.788888888888889,-0.91
5.791666666666667,-0.885
5.794444444444444,-0.86
5.7972222222222225,-0.825
5.8,-0.79
5.802777777777778,-0.725
5.805555555555555,-0.67
5.808333333333334,-0.59
5.811111111111111,-0.575
5.813888888888889,-0.54
5.816666666666666,-0.495
5.819444444444445,-0.435
5.822222222222222,-0.36
5.825,-0.28
5.8277777777777775,-0.22
5.830555555555556,-0.16
5.833333333333333,-0.1
5.836111111111111,-0.045
5.838888888888889,0.0
5.841666666666667,0.035
5.844444444444444,0.055
5.847222222222222,0.06
5.85,0.08
5.852777777777778,0.095
5.855555555555555,0.105
5.858333333333333,0.105
5.861111111111111,0.115
5.863888888888889,0.165
5.866666666666666,0.195
5.8694444444444445,0.215
5.872222222222222,0.23
5.875,0.23
5.877777777777778,0.225
5.8805555555555555,0.225
5.883333333333334,0.25
5.886111111111111,0.28
5.888888888888889,0.31
5.891666666666667,0.33
5.894444444444445,0.35
5.897222222222222,0.345
5.9,0.37
5.902777777777778,0.4
5.905555555555556,0.415
5.908333333333333,0.435
5.911111111111111,0.425
5.913888888888889,0.425
5.916666666666667,0.435
5.919444444444444,0.45
5.9222222222222225,0.465
5.925,0.495
5.927777777777778,0.52
5.930555555555555,0.525
5.933333333333334,0.525
5.936111111111111,0.545
5.938888888888889,0.56
5.941666666666666,0.565
5.944444444444445,0.555
5.947222222222222,0.525
5.95,0.53
5.9527777777777775,0.53
5.955555555555556,0.52
5.958333333333333,0.51
5.961111111111111,0.48
5.963888888888889,0.455
5.966666666666667,0.46
5.969444444444444,0.455
5.972222222222222,0.44
5.975,0.435
5.977777777777778,0.395
5.980555555555555,0.355
5.983333333333333,0.345
5.986111111111111,0.34
5.988888888888889,0.335
5.991666666666666,0.305
5.9944444444444445,0.26
5.997222222222222,0.205
6.0,0.155
6.002777777777778,0.13
6.0055555555555555,0.095
6.008333333333334,0.095
6.011111111111111,0.06
6.013888888888889,0.04
6.016666666666667,0.01
6.019444444444445,0.01
6.022222222222222,-0.015
6.025,-0.04
6.027777777777778,-0.06
6.030555555555556,-0.075
6.033333333333333,-0.065
6.036111111111111,-0.06
6.038888888888889,-0.06
6.041666666666667,-0.075
6.044444444444444,-0.1
6.0472222222222225,-0.095
6.05,-0.1
6.052777777777778,-0.11
6.055555555555555,-0.12
6.058333333333334,-0.145
6.061111111111111,-0.155
6.063888888888889,-0.175
6.066666666666666,-0.17
6.069444444444445,-0.15
6.072222222222222,-0.155
6.075,-0.16
6.0777777777777775,-0.185
6.080555555555556,-0.215
6.083333333333333,-0.22
6.086111111111111,-0.185
6.088888888888889,-0.18
6.091666666666667,-0.165
6.094444444444444,-0.18
6.097222222222222,-0.18
6.1,-0.175
6.102777777777778,-0.16
6.105555555555555,-0.135
6.108333333333333,-0.145
6.111111111111111,-0.145
6.113888888888889,-0.15
6.116666666666666,-0.13
6.1194444444444445,-0.12
6.122222222222222,-0.135
6.125,-0.14
6.127777777777778,-0.145
6.1305555555555555,-0.145
6.133333333333334,-0.145
6.136111111111111,-0.14
6.138888888888889,-0.16
6.141666666666667,-0.15
6.144444444444445,-0.155
6.147222222222222,-0.16
6.15,-0.155
6.152777777777778,-0.18
6.155555555555556,-0.18
6.158333333333333,-0.165
6.161111111111111,-0.17
6.163888888888889,-0.18
6.166666666666667,-0.2
6.169444444444444,-0.195
6.1722222222222225,-0.185
6.175,-0.185
6.177777777777778,-0.195
6.180555555555555,-0.225
6.183333333333334,-0.215
6.186111111111111,-0.195
6.188888888888889,-0.16
6.191666666666666,-0.15
6.194444444444445,-0.175
6.197222222222222,-0.19
6.2,-0.205
6.2027777777777775,-0.195
6.205555555555556,-0.18
6.208333333333333,-0.175
6.211111111111111,-0.17
6.213888888888889,-0.19
6.216666666666667,-0.16
6.219444444444444,-0.145
6.222222222222222,-0.135
6.225,-0.14
6.227777777777778,-0.145
6.230555555555555,-0.17
6.233333333333333,-0.16
6.236111111111111,-0.135
6.238888888888889,-0.125
6.241666666666666,-0.165
6.2444444444444445,-0.2
6.247222222222222,-0.225
6.25,-0.215
6.252777777777778,-0.19
6.2555555555555555,-0.17
6.258333333333334,-0.175
6.261111111111111,-0.185
6.263888888888889,-0.185
6.266666666666667,-0.155
6.269444444444445,-0.15
6.272222222222222,-0.135
6.275,-0.13
6.277777777777778,-0.125
6.280555555555556,-0.135
6.283333333333333,-0.12
6.286111111111111,-0.1
6.288888888888889,-0.09
6.291666666666667,-0.08
6.294444444444444,-0.08
6.2972222222222225,-0.095
6.3,-0.09
6.302777777777778,-0.085
6.305555555555555,-0.11
6.308333333333334,-0.12
6.311111111111111,-0.13
6.313888888888889,-0.155
6.316666666666666,-0.135
6.319444444444445,-0.135
6.322222222222222,-0.125
6.325,-0.14
6.3277777777777775,-0.155
6.330555555555556,-0.175
6.333333333333333,-0.15
6.336111111111111,-0.165
6.338888888888889,-0.165
6.341666666666667,-0.16
6.344444444444444,-0.185
6.347222222222222,-0.215
6.35,-0.21
6.352777777777778,-0.175
6.355555555555555,-0.145
6.358333333333333,-0.15
6.361111111111111,-0.17
6.363888888888889,-0.18
6.366666666666666,-0.15
6.3694444444444445,-0.15
6.372222222222222,-0.135
6.375,-0.155
6.377777777777778,-0.17
6.3805555555555555,-0.195
6.383333333333334,-0.185
6.386111111111111,-0.185
6.388888888888889,-0.17
6.391666666666667,-0.17
6.394444444444445,-0.18
6.397222222222222,-0.185
6.4,-0.185
6.402777777777778,-0.195
6.405555555555556,-0.21
6.408333333333333,-0.21
6.411111111111111,-0.2
6.413888888888889,-0.175
6.416666666666667,-0.165
6.419444444444444,-0.165
6.4222222222222225,-0.185
6.425,-0.21
6.427777777777778,-0.24
6.430555555555555,-0.245
6.433333333333334,-0.245
6.436111111111111,-0.24
6.438888888888889,-0.215
6.441666666666666,-0.185
6.444444444444445,-0.125
6.447222222222222,-0.05
6.45,0.035
6.4527777777777775,0.145
6.455555555555556,0.235
6.458333333333333,0.325
6.461111111111111,0.44
6.463888888888889,0.555
6.466666666666667,0.695
6.469444444444444,0.83
6.472222222222222,0.965
6.475,1.095
6.477777777777778,1.155
6.480555555555555,1.145
6.483333333333333,1.065
6.486111111111111,0.92
6.488888888888889,0.66
6.491666666666666,0.215
6.4944444444444445,-0.185
6.497222222222222,-0.405
6.5,-0.48
6.502777777777778,-0.49
6.5055555555555555,-0.46
6.508333333333334,-0.42
6.511111111111111,-0.37
6.513888888888889,-0.35
6.516666666666667,-0.34
6.519444444444445,-0.34
6.522222222222222,-0.34
6.525,-0.355
6.527777777777778,-0.385
6.530555555555556,-0.39
6.533333333333333,-0.375
6.536111111111111,-0.365
6.538888888888889,-0.37
6.541666666666667,-0.36
6.544444444444444,-0.355
6.5472222222222225,-0.37
6.55,-0.335
6.552777777777778,-0.315
6.555555555555555,-0.305
6.558333333333334,-0.295
6.561111111111111,-0.31
6.563888888888889,-0.32
6.566666666666666,-0.305
6.569444444444445,-0.29
6.572222222222222,-0.275
6.575,-0.275
6.5777777777777775,-0.265
6.580555555555556,-0.275
6.583333333333333,-0.285
6.586111111111111,-0.28
6.588888888888889,-0.275
6.591666666666667,-0.265
6.594444444444444,-0.27
6.597222222222222,-0.265
6.6,-0.25
6.602777777777778,-0.255
6.605555555555555,-0.265
6.608333333333333,-0.275
6.611111111111111,-0.3
6.613888888888889,-0.31
6.616666666666666,-0.3
6.6194444444444445,-0.27
6.622222222222222,-0.255
6.625,-0.26
6.627777777777778,-0.265
6.6305555555555555,-0.275
6.633333333333334,-0.245
6.636111111111111,-0.235
6.638888888888889,-0.26
6.641666666666667,-0.29
6.644444444444445,-0.305
6.647222222222222,-0.315
6.65,-0.305
6.652777777777778,-0.285
6.655555555555556,-0.265
6.658333333333333,-0.245
6.661111111111111,-0.24
6.663888888888889,-0.235
6.666666666666667,-0.235
6.669444444444444,-0.22
6.6722222222222225,-0.2
6.675,-0.21
6.677777777777778,-0.225
6.680555555555555,-0.255
6.683333333333334,-0.235
6.686111111111111,-0.22
6.688888888888889,-0.205
6.691666666666666,-0.2
6.694444444444445,-0.2
6.697222222222222,-0.21
6.7,-0.235
6.7027777777777775,-0.25
6.705555555555556,-0.25
6.708333333333333,-0.235
6.711111111111111,-0.215
6.713888888888889,-0.21
6.716666666666667,-0.2
6.719444444444444,-0.195
6.722222222222222,-0.18
6.725,-0.185
6.727777777777778,-0.18
6.730555555555555,-0.185
6.733333333333333,-0.155
6.736111111111111,-0.14
6.738888888888889,-0.12
6.741666666666666,-0.145
6.7444444444444445,-0.185
6.747222222222222,-0.235
6.75,-0.225
6.752777777777778,-0.195
6.7555555555555555,-0.155
6.758333333333334,-0.145
6.761111111111111,-0.125
6.763888888888889,-0.125
6.766666666666667,-0.12
6.769444444444445,-0.12
6.772222222222222,-0.125
6.775,-0.135
6.777777777777778,-0.135
6.780555555555556,-0.15
6.783333333333333,-0.135
6.786111111111111,-0.125
6.788888888888889,-0.12
6.791666666666667,-0.105
6.794444444444444,-0.1
6.7972222222222225,-0.105
6.8,-0.12
6.802777777777778,-0.14
6.805555555555555,-0.135
6.808333333333334,-0.15
6.811111111111111,-0.15
6.813888888888889,-0.165
6.816666666666666,-0.16
6.819444444444445,-0.15
6.822222222222222,-0.165
6.825,-0.185
6.8277777777777775,-0.185
6.830555555555556,-0.195
6.833333333333333,-0.19
6.836111111111111,-0.19
6.838888888888889,-0.2
6.841666666666667,-0.21
6.844444444444444,-0.23
6.847222222222222,-0.23
6.85,-0.205
6.852777777777778,-0.18
6.855555555555555,-0.185
6.858333333333333,-0.175
6.861111111111111,-0.175
6.863888888888889,-0.19
6.866666666666666,-0.19
6.8694444444444445,-0.23
6.872222222222222,-0.275
6.875,-0.295
6.877777777777778,-0.29
6.8805555555555555,-0.275
6.883333333333334,-0.25
6.886111111111111,-0.215
6.888888888888889,-0.18
6.891666666666667,-0.185
6.894444444444445,-0.17
6.897222222222222,-0.17
6.9,-0.13
6.902777777777778,-0.1
6.905555555555556,-0.065
6.908333333333333,-0.045
6.911111111111111,-0.055
6.913888888888889,-0.045
6.916666666666667,-0.03
6.919444444444444,-0.025
6.9222222222222225,0.0
6.925,0.02
6.927777777777778,0.01
6.930555555555555,-0.03
6.933333333333334,-0.085
6.936111111111111,-0.195
6.938888888888889,-0.445
6.941666666666666,-0.835
6.944444444444445,-1.26
6.947222222222222,-1.635
6.95,-1.945
6.9527777777777775,-2.13
6.955555555555556,-2.175
6.958333333333333,-2.175
6.961111111111111,-2.155
6.963888888888889,-2.13
6.966666666666667,-2.07
6.969444444444444,-1.985
6.972222222222222,-1.88
6.975,-1.77
6.977777777777778,-1.66
6.980555555555555,-1.545
6.983333333333333,-1.395
6.986111111111111,-1.21
6.988888888888889,-1.085
6.991666666666666,-1.005
6.9944444444444445,-0.95
6.997222222222222,-0.9
7.0,-0.845
7.002777777777778,-0.775
7.0055555555555555,-0.71
7.008333333333334,-0.67
7.011111111111111,-0.635
7.013888888888889,-0.59
7.016666666666667,-0.52
7.019444444444445,-0.455
7.022222222222222,-0.4
7.025,-0.345
7.027777777777778,-0.25
7.030555555555556,-0.165
7.033333333333333,-0.09
7.036111111111111,-0.03
7.038888888888889,0.04
7.041666666666667,0.095
7.044444444444444,0.14
7.0472222222222225,0.16
7.05,0.175
7.052777777777778,0.215
7.055555555555555,0.24
7.058333333333334,0.275
7.061111111111111,0.275
7.063888888888889,0.285
7.066666666666666,0.315
7.069444444444445,0.32
7.072222222222222,0.34
7.075,0.355
7.0777777777777775,0.38
7.080555555555556,0.385
7.083333333333333,0.4
7.086111111111111,0.425
7.088888888888889,0.465
7.091666666666667,0.495
7.094444444444444,0.505
7.097222222222222,0.515
7.1,0.555
7.102777777777778,0.6
7.105555555555555,0.625
7.108333333333333,0.63
7.111111111111111,0.63
7.113888888888889,0.645
7.116666666666666,0.655
7.1194444444444445,0.69
7.122222222222222,0.71
7.125,0.72
7.127777777777778,0.72
7.1305555555555555,0.715
7.133333333333334,0.72
7.136111111111111,0.735
7.138888888888889,0.735
7.141666666666667,0.755
7.144444444444445,0.74
7.147222222222222,0.73
7.15,0.74
7.152777777777778,0.76
7.155555555555556,0.77
7.158333333333333,0.75
7.161111111111111,0.73
7.163888888888889,0.71
7.166666666666667,0.7
7.169444444444444,0.69
7.1722222222222225,0.68
7.175,0.66
7.177777777777778,0.635
7.180555555555555,0.6
7.183333333333334,0.575
7.186111111111111,0.545
7.188888888888889,0.495
7.191666666666666,0.455
7.194444444444445,0.44
7.197222222222222,0.42
7.2,0.395
7.2027777777777775,0.38
7.205555555555556,0.365
7.208333333333333,0.355
7.211111111111111,0.315
7.213888888888889,0.28
7.216666666666667,0.25
7.219444444444444,0.24
7.222222222222222,0.23
7.225,0.215
7.227777777777778,0.195
7.230555555555555,0.18
7.233333333333333,0.16
7.236111111111111,0.15
7.238888888888889,0.125
7.241666666666666,0.115
7.2444444444444445,0.09
7.247222222222222,0.055
7.25,0.04
7.252777777777778,0.01
7.2555555555555555,-0.015
7.258333333333334,-0.035
7.261111111111111,-0.04
7.263888888888889,-0.045
7.266666666666667,-0.045
7.269444444444445,-0.03
7.272222222222222,-0.04
7.275,-0.03
7.277777777777778,-0.04
7.280555555555556,-0.05
7.283333333333333,-0.05
7.286111111111111,-0.055
7.288888888888889,-0.065
7.291666666666667,-0.065
7.294444444444444,-0.065
7.2972222222222225,-0.07
7.3,-0.08
7.302777777777778,-0.105
7.305555555555555,-0.105
7.308333333333334,-0.105
7.311111111111111,-0.115
7.313888888888889,-0.105
7.316666666666666,-0.085
7.319444444444445,-0.085
7.322222222222222,-0.095
7.325,-0.09
7.3277777777777775,-0.11
7.330555555555556,-0.12
7.333333333333333,-0.12
7.336111111111111,-0.12
7.338888888888889,-0.105
7.341666666666667,-0.11
7.344444444444444,-0.115
7.347222222222222,-0.135
7.35,-0.14
7.352777777777778,-0.125
7.355555555555555,-0.12
7.358333333333333,-0.11
7.361111111111111,-0.13
7.363888888888889,-0.14
7.366666666666666,-0.155
7.3694444444444445,-0.155
7.372222222222222,-0.155
7.375,-0.16
7.377777777777778,-0.175
7.3805555555555555,-0.195
7.383333333333334,-0.18
7.386111111111111,-0.17
7.388888888888889,-0.155
7.391666666666667,-0.14
7.394444444444445,-0.13
7.397222222222222,-0.14
7.4,-0.16
7.402777777777778,-0.175
7.405555555555556,-0.19
7.408333333333333,-0.21
7.411111111111111,-0.2
7.413888888888889,-0.18
7.416666666666667,-0.17
7.419444444444444,-0.18
7.4222222222222225,-0.17
7.425,-0.185
7.427777777777778,-0.18
7.430555555555555,-0.195
7.433333333333334,-0.185
7.436111111111111,-0.18
7.438888888888889,-0.175
7.441666666666666,-0.185
7.444444444444445,-0.2
7.447222222222222,-0.225
7.45,-0.225
7.4527777777777775,-0.205
7.455555555555556,-0.185
7.458333333333333,-0.19
7.461111111111111,-0.195
7.463888888888889,-0.185
7.466666666666667,-0.17
7.469444444444444,-0.17
7.472222222222222,-0.19
7.475,-0.21
7.477777777777778,-0.22
7.480555555555555,-0.225
7.483333333333333,-0.2
7.486111111111111,-0.185
7.488888888888889,-0.18
7.491666666666666,-0.21
7.4944444444444445,-0.215
7.497222222222222,-0.21
7.5,-0.195
7.502777777777778,-0.205
7.5055555555555555,-0.215
7.508333333333334,-0.205
7.511111111111111,-0.195
7.513888888888889,-0.2
7.516666666666667,-0.21
7.519444444444445,-0.215
7.522222222222222,-0.215
7.525,-0.205
7.527777777777778,-0.195
7.530555555555556,-0.205
7.533333333333333,-0.18
7.536111111111111,-0.165
7.538888888888889,-0.16
7.541666666666667,-0.13
7.544444444444444,-0.13
7.5472222222222225,-0.135
7.55,-0.125
7.552777777777778,-0.145
7.555555555555555,-0.155
7.558333333333334,-0.185
7.561111111111111,-0.2
7.563888888888889,-0.21
7.566666666666666,-0.205
7.569444444444445,-0.195
7.572222222222222,-0.19
7.575,-0.19
7.5777777777777775,-0.185
7.580555555555556,-0.185
7.583333333333333,-0.17
7.586111111111111,-0.18
7.588888888888889,-0.18
7.591666666666667,-0.185
7.594444444444444,-0.18
7.597222222222222,-0.19
7.6,-0.22
7.602777777777778,-0.255
7.605555555555555,-0.26
7.608333333333333,-0.27
7.611111111111111,-0.265
7.613888888888889,-0.24
7.616666666666666,-0.23
7.6194444444444445,-0.205
7.622222222222222,-0.21
7.625,-0.24
7.627777777777778,-0.26
7.6305555555555555,-0.265
7.633333333333334,-0.27
7.636111111111111,-0.255
7.638888888888889,-0.26
7.641666666666667,-0.265
7.644444444444445,-0.275
7.647222222222222,-0.265
7.65,-0.255
7.652777777777778,-0.235
7.655555555555556,-0.245
7.658333333333333,-0.26
7.661111111111111,-0.26
7.663888888888889,-0.27
7.666666666666667,-0.255
7.669444444444444,-0.23
7.6722222222222225,-0.23
7.675,-0.245
7.677777777777778,-0.24
7.680555555555555,-0.26
7.683333333333334,-0.27
7.686111111111111,-0.28
7.688888888888889,-0.285
7.691666666666666,-0.29
7.694444444444445,-0.295
7.697222222222222,-0.29
7.7,-0.255
7.7027777777777775,-0.2
7.705555555555556,-0.12
7.708333333333333,-0.05
7.711111111111111,0.015
7.713888888888889,0.09
7.716666666666667,0.18
7.719444444444444,0.265
7.722222222222222,0.37
7.725,0.48
7.727777777777778,0.595
7.730555555555555,0.705
7.733333333333333,0.79
7.736111111111111,0.85
7.738888888888889,0.855
7.741666666666666,0.795
7.7444444444444445,0.685
7.747222222222222,0.515
7.75,0.28
7.752777777777778,0.015
7.7555555555555555,-0.215
7.758333333333334,-0.39
7.761111111111111,-0.495
7.763888888888889,-0.555
7.766666666666667,-0.54
7.769444444444445,-0.485
7.772222222222222,-0.45
7.775,-0.44
7.777777777777778,-0.43
7.780555555555556,-0.445
7.783333333333333,-0.43
7.786111111111111,-0.415
7.788888888888889,-0.4
7.791666666666667,-0.4
7.794444444444444,-0.405
7.7972222222222225,-0.42
7.8,-0.405
7.802777777777778,-0.395
7.805555555555555,-0.385
7.808333333333334,-0.375
7.811111111111111,-0.395
7.813888888888889,-0.41
7.816666666666666,-0.405
7.819444444444445,-0.365
7.822222222222222,-0.335
7.825,-0.32
7.8277777777777775,-0.335
7.830555555555556,-0.34
7.833333333333333,-0.34
7.836111111111111,-0.335
7.838888888888889,-0.34
7.841666666666667,-0.335
7.844444444444444,-0.345
7.847222222222222,-0.35
7.85,-0.345
7.852777777777778,-0.335
7.855555555555555,-0.33
7.858333333333333,-0.32
7.861111111111111,-0.33
7.863888888888889,-0.335
7.866666666666666,-0.33
7.8694444444444445,-0.33
7.872222222222222,-0.32
7.875,-0.31
7.877777777777778,-0.305
7.8805555555555555,-0.305
7.883333333333334,-0.31
7.886111111111111,-0.31
7.888888888888889,-0.295
7.891666666666667,-0.3
7.894444444444445,-0.315
7.897222222222222,-0.32
7.9,-0.33
7.902777777777778,-0.315
7.905555555555556,-0.32
7.908333333333333,-0.32
7.911111111111111,-0.325
7.913888888888889,-0.31
7.916666666666667,-0.295
7.919444444444444,-0.285
7.9222222222222225,-0.28
7.925,-0.3
7.927777777777778,-0.3
7.930555555555555,-0.285
7.933333333333334,-0.27
7.936111111111111,-0.245
7.938888888888889,-0.24
7.941666666666666,-0.26
7.944444444444445,-0.265
7.947222222222222,-0.28
7.95,-0.27
7.9527777777777775,-0.28
7.955555555555556,-0.29
7.958333333333333,-0.29
7.961111111111111,-0.295
7.963888888888889,-0.27
7.966666666666667,-0.25
7.969444444444444,-0.235
7.972222222222222,-0.225
7.975,-0.245
7.977777777777778,-0.28
7.980555555555555,-0.285
7.983333333333333,-0.28
7.986111111111111,-0.26
7.988888888888889,-0.245
7.991666666666666,-0.24
7.9944444444444445,-0.25
7.997222222222222,-0.255
8.0,-0.24
8.002777777777778,-0.225
8.005555555555556,-0.225
8.008333333333333,-0.23
8.011111111111111,-0.24
8.01388888888889,-0.235
8.016666666666667,-0.23
8.019444444444444,-0.205
8.022222222222222,-0.195
8.025,-0.195
8.027777777777779,-0.19
8.030555555555555,-0.195
8.033333333333333,-0.2
8.036111111111111,-0.205
8.03888888888889,-0.19
8.041666666666666,-0.21
8.044444444444444,-0.215
8.047222222222222,-0.22
8.05,-0.225
8.052777777777777,-0.205
8.055555555555555,-0.19
8.058333333333334,-0.195
8.061111111111112,-0.195
8.063888888888888,-0.205
8.066666666666666,-0.215
8.069444444444445,-0.18
8.072222222222223,-0.18
8.075,-0.19
8.077777777777778,-0.19
8.080555555555556,-0.19
8.083333333333334,-0.185
8.08611111111111,-0.165
8.088888888888889,-0.165
8.091666666666667,-0.19
8.094444444444445,-0.22
8.097222222222221,-0.23
8.1,-0.2
8.102777777777778,-0.205
8.105555555555556,-0.185
8.108333333333333,-0.2
8.11111111111111,-0.215
8.113888888888889,-0.24
8.116666666666667,-0.22
8.119444444444444,-0.21
8.122222222222222,-0.195
8.125,-0.22
8.127777777777778,-0.27
8.130555555555556,-0.27
8.133333333333333,-0.265
8.136111111111111,-0.245
8.13888888888889,-0.245
8.141666666666667,-0.24
8.144444444444444,-0.255
8.147222222222222,-0.265
8.15,-0.265
8.152777777777779,-0.26
8.155555555555555,-0.255
8.158333333333333,-0.23
8.161111111111111,-0.25
8.16388888888889,-0.26
8.166666666666666,-0.265
8.169444444444444,-0.26
8.172222222222222,-0.255
8.175,-0.265
8.177777777777777,-0.265
8.180555555555555,-0.275
8.183333333333334,-0.275
8.186111111111112,-0.27
8.188888888888888,-0.285
8.191666666666666,-0.295
8.194444444444445,-0.295
8.197222222222223,-0.295
8.2,-0.29
8.202777777777778,-0.25
8.205555555555556,-0.215
8.208333333333334,-0.21
8.21111111111111,-0.21
8.213888888888889,-0.225
8.216666666666667,-0.205
8.219444444444445,-0.185
8.222222222222221,-0.16
8.225,-0.13
8.227777777777778,-0.13
8.230555555555556,-0.135
8.233333333333333,-0.13
8.23611111111111,-0.11
8.238888888888889,-0.07
8.241666666666667,-0.06
8.244444444444444,-0.055
8.247222222222222,-0.035
8.25,0.03
8.252777777777778,0.115
8.255555555555556,0.16
8.258333333333333,0.16
8.261111111111111,0.12
8.26388888888889,0.11
8.266666666666667,0.1
8.269444444444444,0.075
8.272222222222222,-0.005
8.275,-0.16
8.277777777777779,-0.43
8.280555555555555,-0.82
8.283333333333333,-1.2
8.286111111111111,-1.525
8.28888888888889,-1.745
8.291666666666666,-1.865
8.294444444444444,-1.91
8.297222222222222,-1.955
8.3,-1.965
8.302777777777777,-1.94
8.305555555555555,-1.91
8.308333333333334,-1.9
8.311111111111112,-1.89
8.313888888888888,-1.87
8.316666666666666,-1.785
8.319444444444445,-1.67
8.322222222222223,-1.525
8.325,-1.455
8.327777777777778,-1.42
8.330555555555556,-1.37
8.333333333333334,-1.3
8.33611111111111,-1.19
8.338888888888889,-1.075
8.341666666666667,-0.99
8.344444444444445,-0.945
8.347222222222221,-0.89
8.35,-0.825
8.352777777777778,-0.78
8.355555555555556,-0.735
8.358333333333333,-0.7
8.36111111111111,-0.65
8.363888888888889,-0.605
8.366666666666667,-0.55
8.369444444444444,-0.525
8.372222222222222,-0.51
8.375,-0.51
8.377777777777778,-0.5
8.380555555555556,-0.49
8.383333333333333,-0.45
8.386111111111111,-0.415
8.38888888888889,-0.39
8.391666666666667,-0.335
8.394444444444444,-0.29
8.397222222222222,-0.23
8.4,-0.16
8.402777777777779,-0.095
8.405555555555555,-0.03
8.408333333333333,0.01
8.411111111111111,0.03
8.41388888888889,0.055
8.416666666666666,0.09
8.419444444444444,0.12
8.422222222222222,0.145
8.425,0.16
8.427777777777777,0.175
8.430555555555555,0.165
8.433333333333334,0.175
8.436111111111112,0.195
8.438888888888888,0.235
8.441666666666666,0.25
8.444444444444445,0.255
8.447222222222223,0.24
8.45,0.27
8.452777777777778,0.28
8.455555555555556,0.3
8.458333333333334,0.33
8.46111111111111,0.355
8.463888888888889,0.37
8.466666666666667,0.39
8.469444444444445,0.395
8.472222222222221,0.41
8.475,0.425
8.477777777777778,0.43
8.480555555555556,0.47
8.483333333333333,0.485
8.48611111111111,0.52
8.488888888888889,0.54
8.491666666666667,0.535
8.494444444444444,0.535
8.497222222222222,0.545
8.5,0.57
8.502777777777778,0.59
8.505555555555556,0.615
8.508333333333333,0.61
8.511111111111111,0.62
8.51388888888889,0.61
8.516666666666667,0.615
8.519444444444444,0.63
8.522222222222222,0.635
8.525,0.635
8.527777777777779,0.655
8.530555555555555,0.66
8.533333333333333,0.66
8.536111111111111,0.66
8.53888888888889,0.655
8.541666666666666,0.645
8.544444444444444,0.61
8.547222222222222,0.59
8.55,0.605
8.552777777777777,0.615
8.555555555555555,0.625
8.558333333333334,0.62
8.561111111111112,0.59
8.563888888888888,0.56
8.566666666666666,0.565
8.569444444444445,0.56
8.572222222222223,0.56
8.575,0.53
8.577777777777778,0.495
8.580555555555556,0.475
8.583333333333334,0.465
8.58611111111111,0.475
8.588888888888889,0.47
8.591666666666667,0.44
8.594444444444445,0.42
8.597222222222221,0.39
8.6,0.385
8.602777777777778,0.36
8.605555555555556,0.35
8.608333333333333,0.315
8.61111111111111,0.28
8.613888888888889,0.245
8.616666666666667,0.225
8.619444444444444,0.215
8.622222222222222,0.19
8.625,0.165
8.627777777777778,0.15
8.630555555555556,0.12
8.633333333333333,0.11
8.636111111111111,0.085
8.63888888888889,0.08
8.641666666666667,0.05
8.644444444444444,0.03
8.647222222222222,0.01
8.65,0.005
8.652777777777779,0.005
8.655555555555555,0.0
8.658333333333333,0.005
8.661111111111111,-0.015
8.66388888888889,-0.05
8.666666666666666,-0.075
8.669444444444444,-0.1
8.672222222222222,-0.105
8.675,-0.085
8.677777777777777,-0.06
8.680555555555555,-0.06
8.683333333333334,-0.045
8.686111111111112,-0.05
8.688888888888888,-0.05
8.691666666666666,-0.05
8.694444444444445,-0.07
8.697222222222223,-0.075
8.7,-0.08
8.702777777777778,-0.095
8.705555555555556,-0.105
8.708333333333334,-0.085
8.71111111111111,-0.09
8.713888888888889,-0.105
8.716666666666667,-0.1
8.719444444444445,-0.1
8.722222222222221,-0.085
8.725,-0.09
8.727777777777778,-0.11
8.730555555555556,-0.12
8.733333333333333,-0.11
8.73611111111111,-0.085
8.738888888888889,-0.075
8.741666666666667,-0.085
8.744444444444444,-0.1
8.747222222222222,-0.13
8.75,-0.13
8.752777777777778,-0.14
8.755555555555556,-0.145
8.758333333333333,-0.145
8.761111111111111,-0.145
8.76388888888889,-0.15
8.766666666666667,-0.15
8.769444444444444,-0.15
8.772222222222222,-0.135
8.775,-0.13
8.777777777777779,-0.135
8.780555555555555,-0.14
8.783333333333333,-0.13
8.786111111111111,-0.12
8.78888888888889,-0.12
8.791666666666666,-0.12
8.794444444444444,-0.12
8.797222222222222,-0.135
8.8,-0.14
8.802777777777777,-0.15
8.805555555555555,-0.13
8.808333333333334,-0.12
8.811111111111112,-0.12
8.813888888888888,-0.125
8.816666666666666,-0.14
8.819444444444445,-0.16
8.822222222222223,-0.18
8.825,-0.205
8.827777777777778,-0.23
8.830555555555556,-0.205
8.833333333333334,-0.2
8.83611111111111,-0.19
8.838888888888889,-0.195
8.841666666666667,-0.19
8.844444444444445,-0.21
8.847222222222221,-0.24
8.85,-0.24
8.852777777777778,-0.235
8.855555555555556,-0.21
8.858333333333333,-0.19
8.86111111111111,-0.185
8.863888888888889,-0.2
8.866666666666667,-0.2
8.869444444444444,-0.2
8.872222222222222,-0.175
8.875,-0.17
8.877777777777778,-0.185
8.880555555555556,-0.21
8.883333333333333,-0.22
8.886111111111111,-0.215
8.88888888888889,-0.22
8.891666666666667,-0.23
8.894444444444444,-0.24
8.897222222222222,-0.235
8.9,-0.225
8.902777777777779,-0.2
8.905555555555555,-0.175
8.908333333333333,-0.175
8.911111111111111,-0.175
8.91388888888889,-0.185
8.916666666666666,-0.185
8.919444444444444,-0.175
8.922222222222222,-0.175
8.925,-0.195
8.927777777777777,-0.225
8.930555555555555,-0.245
8.933333333333334,-0.23
8.936111111111112,-0.21
8.938888888888888,-0.2
8.941666666666666,-0.19
8.944444444444445,-0.2
8.947222222222223,-0.205
8.95,-0.21
8.952777777777778,-0.215
8.955555555555556,-0.215
8.958333333333334,-0.22
8.96111111111111,-0.21
8.963888888888889,-0.175
8.966666666666667,-0.145
8.969444444444445,-0.125
8.972222222222221,-0.135
8.975,-0.14
8.977777777777778,-0.145
8.980555555555556,-0.155
8.983333333333333,-0.15
8.98611111111111,-0.15
8.988888888888889,-0.145
8.991666666666667,-0.14
8.994444444444444,-0.165
8.997222222222222,-0.18
9.0,-0.165
9.002777777777778,-0.16
9.005555555555556,-0.155
9.008333333333333,-0.175
9.011111111111111,-0.205
9.01388888888889,-0.225
9.016666666666667,-0.21
9.019444444444444,-0.185
9.022222222222222,-0.175
9.025,-0.175
9.027777777777779,-0.2
9.030555555555555,-0.225
9.033333333333333,-0.23
9.036111111111111,-0.215
9.03888888888889,-0.21
9.041666666666666,-0.21
9.044444444444444,-0.205
9.047222222222222,-0.2
9.05,-0.17
9.052777777777777,-0.15
9.055555555555555,-0.15
9.058333333333334,-0.17
9.061111111111112,-0.19
9.063888888888888,-0.22
9.066666666666666,-0.205
9.069444444444445,-0.21
9.072222222222223,-0.205
9.075,-0.2
9.077777777777778,-0.21
9.080555555555556,-0.22
9.083333333333334,-0.235
9.08611111111111,-0.25
9.088888888888889,-0.245
9.091666666666667,-0.26
9.094444444444445,-0.285
9.097222222222221,-0.285
9.1,-0.27
9.102777777777778,-0.255
9.105555555555556,-0.23
9.108333333333333,-0.195
9.11111111111111,-0.18
9.113888888888889,-0.185
9.116666666666667,-0.18
9.119444444444444,-0.2
9.122222222222222,-0.195
9.125,-0.19
9.127777777777778,-0.21
9.130555555555556,-0.23
9.133333333333333,-0.205
9.136111111111111,-0.155
9.13888888888889,-0.075
9.141666666666667,0.01
9.144444444444444,0.095
9.147222222222222,0.18
9.15,0.27
9.152777777777779,0.355
9.155555555555555,0.455
9.158333333333333,0.56
9.161111111111111,0.675
9.16388888888889,0.785
9.166666666666666,0.905
9.169444444444444,1.005
9.172222222222222,1.03
9.175,0.995
9.177777777777777,0.875
9.180555555555555,0.625
9.183333333333334,0.22
9.186111111111112,-0.17
9.188888888888888,-0.39
9.191666666666666,-0.445
9.194444444444445,-0.475
9.197222222222223,-0.475
9.2,-0.42
9.202777777777778,-0.37
9.205555555555556,-0.345
9.208333333333334,-0.335
9.21111111111111,-0.34
9.213888888888889,-0.365
9.216666666666667,-0.38
9.219444444444445,-0.39
9.222222222222221,-0.4
9.225,-0.395
9.227777777777778,-0.38
9.230555555555556,-0.385
9.233333333333333,-0.385
9.23611111111111,-0.395
9.238888888888889,-0.375
9.241666666666667,-0.33
9.244444444444444,-0.3
9.247222222222222,-0.295
9.25,-0.325
9.252777777777778,-0.345
9.255555555555556,-0.35
9.258333333333333,-0.34
9.261111111111111,-0.32
9.26388888888889,-0.285
9.266666666666667,-0.27
9.269444444444444,-0.265
9.272222222222222,-0.27
9.275,-0.26
9.277777777777779,-0.295
9.280555555555555,-0.315
9.283333333333333,-0.32
9.286111111111111,-0.315
9.28888888888889,-0.295
9.291666666666666,-0.285
9.294444444444444,-0.275
9.297222222222222,-0.285
9.3,-0.275
9.302777777777777,-0.27
9.305555555555555,-0.265
9.308333333333334,-0.265
9.311111111111112,-0.27
9.313888888888888,-0.275
9.316666666666666,-0.28
9.319444444444445,-0.26
9.322222222222223,-0.26
9.325,-0.255
9.327777777777778,-0.26
9.330555555555556,-0.275
9.333333333333334,-0.26
9.33611111111111,-0.255
9.338888888888889,-0.25
9.341666666666667,-0.26
9.344444444444445,-0.265
9.347222222222221,-0.265
9.35,-0.28
9.352777777777778,-0.275
9.355555555555556,-0.265
9.358333333333333,-0.25
9.36111111111111,-0.24
9.363888888888889,-0.22
9.366666666666667,-0.19
9.369444444444444,-0.18
9.372222222222222,-0.21
9.375,-0.28
9.377777777777778,-0.355
9.380555555555556,-0.355
9.383333333333333,-0.3
9.386111111111111,-0.265
9.38888888888889,-0.25
9.391666666666667,-0.29
9.394444444444444,-0.33
9.397222222222222,-0.325
9.4,-0.28
9.402777777777779,-0.265
9.405555555555555,-0.25
9.408333333333333,-0.25
9.411111111111111,-0.245
9.41388888888889,-0.25
9.416666666666666,-0.25
9.419444444444444,-0.25
9.422222222222222,-0.24
9.425,-0.235
9.427777777777777,-0.235
9.430555555555555,-0.23
9.433333333333334,-0.195
9.436111111111112,-0.185
9.438888888888888,-0.165
9.441666666666666,-0.16
9.444444444444445,-0.175
9.447222222222223,-0.185
9.45,-0.165
9.452777777777778,-0.135
9.455555555555556,-0.135
9.458333333333334,-0.12
9.46111111111111,-0.14
9.463888888888889,-0.15
9.466666666666667,-0.14
9.469444444444445,-0.135
9.472222222222221,-0.15
9.475,-0.17
9.477777777777778,-0.165
9.480555555555556,-0.18
9.483333333333333,-0.175
9.48611111111111,-0.16
9.488888888888889,-0.15
9.491666666666667,-0.165
9.494444444444444,-0.155
9.497222222222222,-0.155
9.5,-0.15
9.502777777777778,-0.145
9.505555555555556,-0.145
9.508333333333333,-0.145
9.511111111111111,-0.145
9.51388888888889,-0.15
9.516666666666667,-0.165
9.519444444444444,-0.175
9.522222222222222,-0.16
9.525,-0.165
9.527777777777779,-0.19
9.530555555555555,-0.185
9.533333333333333,-0.19
9.536111111111111,-0.19
9.53888888888889,-0.185
9.541666666666666,-0.18
9.544444444444444,-0.205
9.547222222222222,-0.205
9.55,-0.21
9.552777777777777,-0.21
9.555555555555555,-0.205
9.558333333333334,-0.22
9.561111111111112,-0.215
9.563888888888888,-0.22
9.566666666666666,-0.2
9.569444444444445,-0.2
9.572222222222223,-0.195
9.575,-0.205
9.577777777777778,-0.23
9.580555555555556,-0.235
9.583333333333334,-0.23
9.58611111111111,-0.21
9.588888888888889,-0.22
9.591666666666667,-0.225
9.594444444444445,-0.235
9.597222222222221,-0.24
9.6,-0.21
9.602777777777778,-0.19
9.605555555555556,-0.13
9.608333333333333,-0.105
9.61111111111111,-0.08
9.613888888888889,-0.07
9.616666666666667,-0.055
9.619444444444444,-0.025
9.622222222222222,-0.005
9.625,0.01
9.627777777777778,0.0
9.630555555555556,-0.02
9.633333333333333,-0.01
9.636111111111111,0.03
9.63888888888889,0.06
9.641666666666667,0.055
9.644444444444444,-0.015
9.647222222222222,-0.125
9.65,-0.265
9.652777777777779,-0.53
9.655555555555555,-0.905
9.658333333333333,-1.31
9.661111111111111,-1.685
9.66388888888889,-1.99
9.666666666666666,-2.185
9.669444444444444,-2.26
9.672222222222222,-2.26
9.675,-2.25
9.677777777777777,-2.245
9.680555555555555,-2.205
9.683333333333334,-2.14
9.686111111111112,-2.08
9.688888888888888,-2.005
9.691666666666666,-1.905
9.694444444444445,-1.815
9.697222222222223,-1.72
9.7,-1.64
9.702777777777778,-1.5
9.705555555555556,-1.33
9.708333333333334,-1.2
9.71111111111111,-1.075
9.713888888888889,-1.015
9.716666666666667,-0.945
9.719444444444445,-0.905
9.722222222222221,-0.84
9.725,-0.77
9.727777777777778,-0.725
9.730555555555556,-0.69
9.733333333333333,-0.65
9.73611111111111,-0.61
9.738888888888889,-0.54
9.741666666666667,-0.48
9.744444444444444,-0.445
9.747222222222222,-0.395
9.75,-0.34
9.752777777777778,-0.255
9.755555555555556,-0.16
9.758333333333333,-0.095
9.761111111111111,-0.045
9.76388888888889,-0.005
9.766666666666667,0.05
9.769444444444444,0.1
9.772222222222222,0.145
9.775,0.165
9.777777777777779,0.17
9.780555555555555,0.195
9.783333333333333,0.22
9.786111111111111,0.235
9.78888888888889,0.26
9.791666666666666,0.285
9.794444444444444,0.31
9.797222222222222,0.315
9.8,0.335
9.802777777777777,0.345
9.805555555555555,0.36
9.808333333333334,0.37
9.811111111111112,0.385
9.813888888888888,0.395
9.816666666666666,0.405
9.819444444444445,0.44
9.822222222222223,0.47
9.825,0.49
9.827777777777778,0.5
9.830555555555556,0.52
9.833333333333334,0.525
9.83611111111111,0.54
9.838888888888889,0.58
9.841666666666667,0.605
9.844444444444445,0.61
9.847222222222221,0.615
9.85,0.64
9.852777777777778,0.66
9.855555555555556,0.675
9.858333333333333,0.685
9.86111111111111,0.685
9.863888888888889,0.67
9.866666666666667,0.685
9.869444444444444,0.7
9.872222222222222,0.705
9.875,0.705
9.877777777777778,0.7
9.880555555555556,0.7
9.883333333333333,0.705
9.886111111111111,0.695
9.88888888888889,0.7
9.891666666666667,0.7
9.894444444444444,0.685
9.897222222222222,0.655
9.9,0.655
9.902777777777779,0.635
9.905555555555555,0.63
9.908333333333333,0.62
9.911111111111111,0.58
9.91388888888889,0.545
9.916666666666666,0.525
9.919444444444444,0.49
9.922222222222222,0.47
9.925,0.43
9.927777777777777,0.385
9.930555555555555,0.345
9.933333333333334,0.305
9.936111111111112,0.29
9.938888888888888,0.27
9.941666666666666,0.25
9.944444444444445,0.205
9.947222222222223,0.165
9.95,0.14
9.952777777777778,0.125
9.955555555555556,0.13
9.958333333333334,0.115
9.96111111111111,0.1
9.963888888888889,0.06
9.966666666666667,0.04
9.969444444444445,0.04
9.972222222222221,0.035
9.975,0.025
9.977777777777778,-0.005
9.980555555555556,-0.06
9.983333333333333,-0.08
9.98611111111111,-0.085
9.988888888888889,-0.075
9.991666666666667,-0.09
9.994444444444444,-0.11
9.997222222222222,-0.13
